Order ID,Order Date,Month,Quarter,Year,Region,Country,Customer Segment,Product Category,Product Name,Sales Representative,Units Sold,Unit Price,Revenue,Cost,Profit,Marketing Spend,Forecasted Revenue,Actual Revenue,Revenue Variance %,Sales Target,Target Achievement %,Season
ORD00001,16-10-2025,Oct,Q4,2025,North,India,SMB,Clothing,Dining Table,Sneha,72,6567,546111.72,337162.7,208949.02,115604,494971.93,546111.72,9.36,610968.2,89.38,Fall
ORD00002,08-09-2025,Sep,Q3,2025,North,USA,SMB,Grocery,Dining Table,Pooja,302,553,192891.93,145008.72,47883.21,46853,200535.83,192891.93,-3.96,227262.07,84.88,Fall
ORD00003,10-12-2024,Dec,Q4,2024,North,India,Corporate,Electronics,Jeans Classic,Neha,310,32335,12103798.88,8560358.72,3543440.16,104230,11084175.34,12103798.88,8.42,13145150.24,92.08,Winter
ORD00004,05-01-2025,Jan,Q1,2025,South,India,Retail,Furniture,T-Shirt Premium,Priya,438,33392,16819550.4,11026808.45,5792741.95,171640,17943467.83,16819550.4,-6.68,18660854.84,90.13,Winter
ORD00005,17-11-2025,Nov,Q4,2025,East,India,SMB,Furniture,Bluetooth Speaker,Sneha,84,17433,1530268.74,1127690,402578.74,19663,1447342.89,1530268.74,5.42,1672645.95,91.49,Fall
ORD00006,01-10-2024,Oct,Q4,2024,North,USA,SMB,Clothing,Dining Table,Pooja,203,2669,625787.09,406339.52,219447.57,152159,630665.39,625787.09,-0.78,750862.9,83.34,Fall
ORD00007,20-08-2025,Aug,Q3,2025,West,UK,Retail,Furniture,Bluetooth Speaker,Pooja,47,33216,1717267.2,1245858.82,471408.38,183384,1690532.77,1717267.2,1.56,1867165.81,91.97,Summer
ORD00008,24-04-2025,Apr,Q2,2025,East,India,SMB,Electronics,Bookshelf,Karan,385,32486,11881754.5,7394139.81,4487614.69,118971,11069417.37,11881754.5,6.84,12143801.1,97.84,Spring
ORD00009,26-09-2024,Sep,Q3,2024,South,India,SMB,Clothing,Bookshelf,Karan,312,3563,1222821.6,865605.83,357215.77,144029,1325170.18,1222821.6,-8.37,1421994.92,85.99,Fall
ORD00010,24-04-2024,Apr,Q2,2024,East,UK,Retail,Electronics,Dining Table,Anjali,485,20161,9289180.75,7089545.95,2199634.8,144645,9783057.56,9289180.75,-5.32,10059388.26,92.34,Spring
ORD00011,16-07-2025,Jul,Q3,2025,South,UK,SMB,Grocery,Dining Table,Karan,387,3768,1458216,1165158.14,293057.86,175361,1421299.95,1458216,2.53,1782508.01,81.81,Summer
ORD00012,10-09-2024,Sep,Q3,2024,South,India,Corporate,Electronics,Gaming Monitor,Karan,118,29432,3820273.6,2467088.21,1353185.39,13234,4095054.73,3820273.6,-7.19,4254458.6,89.79,Fall
ORD00013,16-11-2025,Nov,Q4,2025,West,USA,SMB,Furniture,Winter Jacket,Anjali,296,12962,4642469.92,3535238.06,1107231.86,54914,4265803.86,4642469.92,8.11,5562457.27,83.46,Fall
ORD00014,24-02-2025,Feb,Q1,2025,West,India,SMB,Electronics,Laptop Pro,Arjun,373,37236,17569620.42,11415531.73,6154088.69,54862,17697125.8,17569620.42,-0.73,19962207.29,88.01,Winter
ORD00015,18-04-2025,Apr,Q2,2025,South,India,Corporate,Electronics,Laptop Pro,Karan,429,15967,6849843,4337746.8,2512096.2,132307,6824304.62,6849843,0.37,7786808.96,87.97,Spring
ORD00016,17-06-2024,Jun,Q2,2024,West,India,Corporate,Clothing,Organic Oil,Vikram,217,2055,490528.5,315674.8,174853.7,20331,498296.54,490528.5,-1.58,543825.25,90.2,Summer
ORD00017,28-02-2024,Feb,Q1,2024,North,Germany,SMB,Furniture,Laptop Pro,Karan,42,7245,367430.17,270076.79,97353.38,66657,360359.02,367430.17,1.92,443723.71,82.81,Winter
ORD00018,15-08-2025,Aug,Q3,2025,North,India,Corporate,Clothing,T-Shirt Premium,Sneha,343,2675,963401.25,603258.41,360142.84,174214,924864.64,963401.25,4,1030911.51,93.45,Summer
ORD00019,15-03-2024,Mar,Q1,2024,North,Germany,SMB,Electronics,Smartphone X,Karan,110,48153,5561671.5,4316818.33,1244853.17,69037,5416542.01,5561671.5,2.61,5733965.6,97,Spring
ORD00020,21-12-2025,Dec,Q4,2025,East,India,SMB,Clothing,Bookshelf,Priya,481,1445,759336.66,568350.84,190985.82,45749,724763.79,759336.66,4.55,853668.98,88.95,Winter
ORD00021,27-07-2024,Jul,Q3,2024,East,Germany,Corporate,Electronics,Smartphone X,Arjun,425,33132,13377045,10089286.31,3287758.69,172015,14660700.76,13377045,-9.6,14639522.66,91.38,Summer
ORD00022,23-12-2025,Dec,Q4,2025,West,India,Retail,Electronics,Winter Jacket,Rahul,280,17361,6149266.2,4218134.3,1931131.9,15965,5913452.11,6149266.2,3.83,7134967.91,86.18,Winter
ORD00023,10-02-2024,Feb,Q1,2024,East,USA,SMB,Furniture,Bookshelf,Priya,182,25337,5037882.39,3955507.29,1082375.1,67059,5405250.51,5037882.39,-7.29,5897599.68,85.42,Winter
ORD00024,26-02-2025,Feb,Q1,2025,North,USA,SMB,Clothing,Rice Pack,Sneha,137,6244,1032929.31,698785.3,334144.01,15151,1107009.61,1032929.31,-7.17,1078717.9,95.76,Winter
ORD00025,16-04-2025,Apr,Q2,2025,East,UK,Retail,Furniture,Laptop Pro,Sneha,205,14129,2751622.75,2183076.46,568546.29,78170,2669704.81,2751622.75,2.98,3066547.68,89.73,Spring
ORD00026,03-07-2025,Jul,Q3,2025,East,India,Retail,Clothing,Office Chair,Anjali,493,1388,650069.8,434986.03,215083.77,87228,641800.12,650069.8,1.27,848470.37,76.62,Summer
ORD00027,13-08-2025,Aug,Q3,2025,South,UK,Retail,Grocery,Laptop Pro,Karan,474,1073,508602,401681.09,106920.91,91559,521129.42,508602,-2.46,632657.03,80.39,Summer
ORD00028,03-11-2024,Nov,Q4,2024,East,Germany,Corporate,Grocery,Winter Jacket,Vikram,284,3605,1069891.9,786866.54,283025.36,50620,1094609.59,1069891.9,-2.31,1177700.06,90.85,Fall
ORD00029,01-01-2024,Jan,Q1,2024,East,UK,Retail,Grocery,Gaming Monitor,Anjali,336,4122,1513103.76,1112321.08,400782.68,139001,1504989.34,1513103.76,0.54,1756228.14,86.16,Winter
ORD00030,22-06-2024,Jun,Q2,2024,North,UK,SMB,Clothing,Smartphone X,Sneha,345,7107,2574510.75,1620579.32,953931.43,17114,2443129.63,2574510.75,5.1,2783267.15,92.5,Summer
ORD00031,15-03-2024,Mar,Q1,2024,West,Germany,SMB,Furniture,Winter Jacket,Arjun,254,12994,3630523.6,2826478.67,804044.93,32941,3832685.97,3630523.6,-5.57,3796240.54,95.63,Spring
ORD00032,13-12-2025,Dec,Q4,2025,West,India,SMB,Furniture,Smartphone X,Pooja,69,26875,2345784.38,1853188.24,492596.14,121017,2398635.99,2345784.38,-2.25,2770263.46,84.68,Winter
ORD00033,15-07-2025,Jul,Q3,2025,West,USA,SMB,Grocery,Organic Oil,Vikram,385,2771,1173518.5,883850.41,289668.09,141655,1169903.36,1173518.5,0.31,1300701.88,90.22,Summer
ORD00034,31-12-2025,Dec,Q4,2025,East,USA,Corporate,Clothing,Jeans Classic,Karan,42,2394,109848.69,81155.11,28693.58,190183,103564.31,109848.69,5.72,127303.51,86.29,Winter
ORD00035,22-04-2025,Apr,Q2,2025,West,India,Retail,Grocery,Rice Pack,Anjali,485,3616,1929136,1341513.35,587622.65,97211,1851435.28,1929136,4.03,2045867.11,94.29,Spring
ORD00036,05-03-2025,Mar,Q1,2025,South,Germany,Retail,Clothing,Rice Pack,Pooja,15,5979,89685,66800.64,22884.36,127523,97210.32,89685,-8.39,109505.2,81.9,Spring
ORD00037,07-02-2025,Feb,Q1,2025,North,India,SMB,Grocery,Office Chair,Pooja,94,3181,361059.4,231920.03,129139.37,90680,349325.01,361059.4,3.25,452231.24,79.84,Winter
ORD00038,07-03-2025,Mar,Q1,2025,East,India,Corporate,Electronics,Winter Jacket,Karan,27,37935,973032.75,735852.72,237180.03,175853,883563.97,973032.75,9.19,1074980.95,90.52,Spring
ORD00039,21-01-2024,Jan,Q1,2024,South,USA,Retail,Grocery,Bookshelf,Priya,289,2599,863777.65,650752.48,213025.17,48984,882071.2,863777.65,-2.12,1023273.87,84.41,Winter
ORD00040,16-06-2024,Jun,Q2,2024,East,India,SMB,Electronics,T-Shirt Premium,Anjali,347,39596,13052821.4,8030086.53,5022734.87,186040,13915799.9,13052821.4,-6.61,13919546.96,93.77,Summer
ORD00041,04-11-2024,Nov,Q4,2024,North,India,Corporate,Grocery,Bookshelf,Neha,36,603,25072.74,19303.88,5768.86,133503,23094.7,25072.74,7.89,30060.3,83.41,Fall
ORD00042,15-04-2025,Apr,Q2,2025,South,Germany,Retail,Clothing,Gaming Monitor,Karan,397,4068,1614996,1073101.72,541894.28,69355,1721821.85,1614996,-6.61,1634534.09,98.8,Spring
ORD00043,06-09-2024,Sep,Q3,2024,West,Germany,Corporate,Electronics,Organic Oil,Neha,94,46952,5340320.48,3567695.99,1772624.49,161278,5555197.62,5340320.48,-4.02,6379586.41,83.71,Fall
ORD00044,14-07-2024,Jul,Q3,2024,North,USA,SMB,Grocery,Organic Oil,Karan,389,4520,1846194,1273199.83,572994.17,9520,1695933.51,1846194,8.14,1963729.04,94.01,Summer
ORD00045,09-11-2024,Nov,Q4,2024,East,Germany,SMB,Clothing,Rice Pack,Karan,170,4217,749150.05,495431.36,253718.69,65434,692312.92,749150.05,7.59,867330.23,86.37,Fall
ORD00046,02-07-2025,Jul,Q3,2025,South,USA,Retail,Grocery,T-Shirt Premium,Anjali,390,1323,515970,395504.25,120465.75,82659,487847.9,515970,5.45,606557.25,85.07,Summer
ORD00047,30-06-2025,Jun,Q2,2025,South,UK,Retail,Electronics,Bluetooth Speaker,Vikram,358,23275,8332450,5170431.29,3162018.71,8215,8455877.28,8332450,-1.48,9572110.67,87.05,Summer
ORD00048,07-07-2024,Jul,Q3,2024,North,UK,Corporate,Electronics,Smartphone X,Arjun,252,19855,5253633,3311603.4,1942029.6,152545,5725541.26,5253633,-8.98,5854834.46,89.73,Summer
ORD00049,25-07-2025,Jul,Q3,2025,West,USA,SMB,Grocery,Organic Oil,Pooja,153,993,167121.9,120649.68,46472.22,199009,153726.53,167121.9,8.02,195009.21,85.7,Summer
ORD00050,27-09-2024,Sep,Q3,2024,North,USA,Retail,Furniture,Bluetooth Speaker,Priya,81,18386,1720102.23,1132260.49,587841.74,65680,1647205.98,1720102.23,4.24,1802219.02,95.44,Fall
ORD00051,13-03-2024,Mar,Q1,2024,South,UK,SMB,Furniture,Rice Pack,Priya,279,26221,7315659,5598865.74,1716793.26,23719,6671351.41,7315659,8.81,8613428.28,84.93,Spring
ORD00052,05-08-2025,Aug,Q3,2025,East,Germany,Retail,Grocery,Winter Jacket,Vikram,359,4923,1678989.15,1173208.85,505780.3,26087,1711909.65,1678989.15,-1.96,1963239.21,85.52,Summer
ORD00053,10-09-2025,Sep,Q3,2025,East,India,Retail,Furniture,Bookshelf,Anjali,301,30059,9454908.15,6762617.35,2692290.8,50925,9399125.75,9454908.15,0.59,10396795.34,90.94,Fall
ORD00054,04-07-2024,Jul,Q3,2024,West,Germany,Retail,Grocery,Jeans Classic,Arjun,171,1817,341777.7,227610.53,114167.17,186842,341467.98,341777.7,0.09,406771.88,84.02,Summer
ORD00055,17-07-2025,Jul,Q3,2025,North,Germany,Retail,Clothing,T-Shirt Premium,Neha,60,4715,297045,217297.95,79747.05,147237,294786.05,297045,0.76,315713.12,94.09,Summer
ORD00056,29-09-2025,Sep,Q3,2025,West,Germany,Retail,Furniture,T-Shirt Premium,Karan,68,19356,1592611.68,994243.93,598367.75,170156,1627289.74,1592611.68,-2.18,1845917.15,86.28,Fall
ORD00057,18-07-2025,Jul,Q3,2025,North,Germany,Retail,Furniture,Smartphone X,Pooja,485,26224,13354572,9343861.51,4010710.49,192853,12798652.04,13354572,4.16,15957927.15,83.69,Summer
ORD00058,09-05-2025,May,Q2,2025,West,USA,Corporate,Furniture,Rice Pack,Sneha,472,29454,15292516.8,11818139.36,3474377.44,77416,16126494.61,15292516.8,-5.45,18898933.37,80.92,Spring
ORD00059,03-06-2025,Jun,Q2,2025,East,India,Corporate,Clothing,Gaming Monitor,Anjali,338,1717,551328.7,390184.21,161144.49,95472,532852.57,551328.7,3.35,668389.96,82.49,Summer
ORD00060,25-11-2024,Nov,Q4,2024,South,USA,SMB,Grocery,Dining Table,Arjun,23,3623,91661.9,62074.88,29587.02,178982,97022.17,91661.9,-5.85,113318.24,80.89,Fall
ORD00061,07-02-2024,Feb,Q1,2024,South,UK,Retail,Grocery,Smartphone X,Karan,467,1680,902244,615326.55,286917.45,176646,987047.14,902244,-9.4,924854.46,97.56,Winter
ORD00062,28-09-2024,Sep,Q3,2024,East,Germany,SMB,Electronics,Jeans Classic,Karan,195,35752,7285363.8,5642343.81,1643019.99,14410,7456510.78,7285363.8,-2.35,7774012.07,93.71,Fall
ORD00063,21-10-2024,Oct,Q4,2024,South,India,Corporate,Electronics,Bookshelf,Priya,228,25902,6496221.6,3957486.46,2538735.14,19711,6227755.86,6496221.6,4.13,7707521.7,84.28,Fall
ORD00064,27-06-2025,Jun,Q2,2025,West,USA,Retail,Furniture,Smartphone X,Anjali,446,25306,12415123.6,8684794.25,3730329.35,157871,11528976.08,12415123.6,7.14,14668923.15,84.64,Summer
ORD00065,18-09-2024,Sep,Q3,2024,North,Germany,Corporate,Furniture,Smartphone X,Pooja,484,24253,13557912.06,10006589.22,3551322.84,124756,14494232.11,13557912.06,-6.91,15060826.65,90.02,Fall
ORD00066,09-05-2025,May,Q2,2025,North,USA,Corporate,Clothing,Gaming Monitor,Vikram,359,7299,2751358.05,1801853.59,949504.46,153354,2952244.27,2751358.05,-7.3,3057185.07,90,Spring
ORD00067,12-09-2025,Sep,Q3,2025,West,UK,Retail,Clothing,Dining Table,Sneha,318,6689,2573793.42,1867672.22,706121.2,169484,2649123.52,2573793.42,-2.93,2883874.87,89.25,Fall
ORD00068,16-08-2025,Aug,Q3,2025,East,USA,Retail,Clothing,Jeans Classic,Arjun,90,6943,593626.5,460233.95,133392.55,100907,597289.46,593626.5,-0.62,686747.22,86.44,Summer
ORD00069,20-09-2024,Sep,Q3,2024,West,UK,SMB,Clothing,Smartphone X,Pooja,494,6678,3991707.72,3081710.6,909997.12,194849,4130943.46,3991707.72,-3.49,4266532.35,93.56,Fall
ORD00070,24-07-2025,Jul,Q3,2025,East,India,Corporate,Electronics,T-Shirt Premium,Karan,64,44804,2724083.2,1952927.99,771155.21,172391,2963961.55,2724083.2,-8.81,3054284.82,89.19,Summer
ORD00071,26-01-2024,Jan,Q1,2024,East,USA,SMB,Electronics,Bookshelf,Pooja,466,34804,17718890.42,11126672.97,6592217.45,14754,17025601.92,17718890.42,3.91,21577524.67,82.12,Winter
ORD00072,04-07-2025,Jul,Q3,2025,South,Germany,Corporate,Clothing,Bookshelf,Karan,215,3898,838070,642580.63,195489.37,166389,822668.94,838070,1.84,1103734.08,75.93,Summer
ORD00073,14-01-2025,Jan,Q1,2025,South,Germany,Corporate,Furniture,Jeans Classic,Priya,352,22841,9246036.8,5659591.75,3586445.05,77320,8672428.51,9246036.8,6.2,9458123.71,97.76,Winter
ORD00074,10-04-2025,Apr,Q2,2025,North,USA,SMB,Electronics,Laptop Pro,Neha,125,23252,3051825,1872972.24,1178852.76,150282,2873084.11,3051825,5.86,3159206.07,96.6,Spring
ORD00075,02-12-2024,Dec,Q4,2024,South,India,Corporate,Furniture,Office Chair,Karan,129,8602,1276106.7,799303.02,476803.68,98911,1350116.97,1276106.7,-5.8,1440075.59,88.61,Winter
ORD00076,27-06-2024,Jun,Q2,2024,East,India,Retail,Grocery,Bluetooth Speaker,Priya,382,3465,1257448.5,883543.16,373905.34,33587,1245378.36,1257448.5,0.96,1352995.85,92.94,Summer
ORD00077,05-11-2025,Nov,Q4,2025,East,Germany,SMB,Electronics,Laptop Pro,Pooja,434,41320,18739859.6,13081429.66,5658429.94,121277,17141314.78,18739859.6,8.53,19732198.79,94.97,Fall
ORD00078,08-03-2024,Mar,Q1,2024,South,UK,SMB,Clothing,Rice Pack,Anjali,272,4641,1262352,782450.83,479901.17,188967,1165002.97,1262352,7.71,1396515.85,90.39,Spring
ORD00079,18-07-2025,Jul,Q3,2025,South,Germany,Corporate,Furniture,Rice Pack,Neha,424,18065,7659560,5074532.57,2585027.43,86926,7912490.72,7659560,-3.3,9076575.32,84.39,Summer
ORD00080,30-04-2025,Apr,Q2,2025,North,India,Retail,Electronics,Rice Pack,Priya,382,39421,15811763.1,11341667.25,4470095.85,152216,16006827.7,15811763.1,-1.23,18808975.59,84.06,Spring
ORD00081,12-11-2025,Nov,Q4,2025,West,India,Corporate,Clothing,Jeans Classic,Priya,296,1767,632868.72,408104.74,224763.98,33368,613897.09,632868.72,3,775923.08,81.56,Fall
ORD00082,12-10-2024,Oct,Q4,2024,South,Germany,SMB,Electronics,Gaming Monitor,Vikram,15,26823,442579.5,347118.42,95461.08,97018,398862.01,442579.5,9.88,529270.56,83.62,Fall
ORD00083,14-02-2025,Feb,Q1,2025,North,USA,SMB,Electronics,Smartphone X,Karan,111,39654,5314924.75,3356278.54,1958646.21,86693,5550477.93,5314924.75,-4.43,6269442.35,84.78,Winter
ORD00084,27-03-2024,Mar,Q1,2024,North,USA,Retail,Electronics,Bookshelf,Priya,140,44039,6473733,4670249.4,1803483.6,113575,6180041.54,6473733,4.54,8176872.62,79.17,Spring
ORD00085,16-03-2025,Mar,Q1,2025,North,UK,SMB,Grocery,Bluetooth Speaker,Vikram,24,948,23889.6,14370.49,9519.11,84015,26017.32,23889.6,-8.91,27323.1,87.43,Spring
ORD00086,23-10-2024,Oct,Q4,2024,East,India,Retail,Grocery,Winter Jacket,Arjun,90,2385,224309.25,157028.24,67281.01,180124,238045.96,224309.25,-6.12,227139.78,98.75,Fall
ORD00087,13-02-2024,Feb,Q1,2024,West,India,Corporate,Electronics,Jeans Classic,Anjali,220,41504,11550563.2,7599150.66,3951412.54,111176,10443687.88,11550563.2,9.58,12286624.3,94.01,Winter
ORD00088,24-09-2025,Sep,Q3,2025,West,UK,Retail,Grocery,Smartphone X,Sneha,224,3742,1014231.68,785121.7,229109.98,94001,957753.59,1014231.68,5.57,1293526.49,78.41,Fall
ORD00089,10-10-2025,Oct,Q4,2025,North,USA,Corporate,Clothing,Winter Jacket,Rahul,121,2596,362803.98,230271.62,132532.36,45073,381685.41,362803.98,-5.2,446935.32,81.18,Fall
ORD00090,05-10-2025,Oct,Q4,2025,West,Germany,SMB,Grocery,Bookshelf,Anjali,330,3089,1233437.7,777301.93,456135.77,22900,1225770.92,1233437.7,0.62,1376068.67,89.63,Fall
ORD00091,28-08-2025,Aug,Q3,2025,North,UK,SMB,Electronics,T-Shirt Premium,Pooja,232,17464,4254230.4,2617824.51,1636405.89,28670,4352084.84,4254230.4,-2.3,4898437.61,86.85,Summer
ORD00092,21-07-2025,Jul,Q3,2025,North,Germany,SMB,Furniture,Jeans Classic,Anjali,244,9943,2547396.6,1581170.03,966226.57,95030,2793162.08,2547396.6,-9.65,2668559.52,95.46,Summer
ORD00093,10-02-2024,Feb,Q1,2024,South,Germany,Corporate,Furniture,Jeans Classic,Neha,470,17694,9563607,7036706.4,2526900.6,18727,10116817.54,9563607,-5.78,11982713.74,79.81,Winter
ORD00094,06-04-2024,Apr,Q2,2024,West,UK,Corporate,Furniture,Jeans Classic,Priya,299,16462,5414351.8,3388249.01,2026102.79,190816,5888651.4,5414351.8,-8.76,6128303.43,88.35,Spring
ORD00095,02-12-2024,Dec,Q4,2024,South,India,SMB,Grocery,Bluetooth Speaker,Neha,10,2254,25921,17324.21,8596.79,132473,24324.29,25921,6.16,33691.17,76.94,Winter
ORD00096,29-10-2024,Oct,Q4,2024,North,India,SMB,Clothing,Gaming Monitor,Rahul,306,1829,646423.47,495334.27,151089.2,168771,686378.09,646423.47,-6.18,708338.31,91.26,Fall
ORD00097,24-02-2025,Feb,Q1,2025,East,USA,Corporate,Clothing,Winter Jacket,Pooja,120,3035,397888.5,310669.3,87219.2,55860,387371.59,397888.5,2.64,452329.31,87.96,Winter
ORD00098,17-04-2025,Apr,Q2,2025,East,Germany,SMB,Grocery,Office Chair,Sneha,411,927,361947.15,263582.87,98364.28,102311,365895.32,361947.15,-1.09,369192.7,98.04,Spring
ORD00099,07-05-2024,May,Q2,2024,East,India,Retail,Clothing,Organic Oil,Karan,76,7958,574567.6,438590.81,135976.79,96641,624034.64,574567.6,-8.61,659042.55,87.18,Spring
ORD00100,17-01-2025,Jan,Q1,2025,South,Germany,Retail,Clothing,Dining Table,Amit,164,6354,1198364.4,908691.12,289673.28,41070,1087708.2,1198364.4,9.23,1463853.7,81.86,Winter
ORD00101,22-05-2024,May,Q2,2024,West,Germany,SMB,Electronics,Smartphone X,Amit,132,29133,4230111.6,3333519.1,896592.5,164614,4253606.91,4230111.6,-0.56,4704092.3,89.92,Spring
ORD00102,04-11-2024,Nov,Q4,2024,North,India,Retail,Grocery,Bookshelf,Anjali,235,4594,1246926.45,896973.81,349952.64,9308,1279834.07,1246926.45,-2.64,1395373.06,89.36,Fall
ORD00103,25-10-2024,Oct,Q4,2024,West,India,SMB,Clothing,Dining Table,Anjali,214,5974,1546907.56,1090100.98,456806.58,99530,1413155.54,1546907.56,8.65,1774056.34,87.2,Fall
ORD00104,03-06-2025,Jun,Q2,2025,North,Germany,Corporate,Electronics,Bookshelf,Arjun,192,31623,6375196.8,4830512.14,1544684.66,95387,6045122.16,6375196.8,5.18,7949991.72,80.19,Summer
ORD00105,18-08-2025,Aug,Q3,2025,East,USA,Retail,Clothing,Bluetooth Speaker,Neha,417,6882,2726304.3,2170584.89,555719.41,130444,2798134.7,2726304.3,-2.63,3501178.59,77.87,Summer
ORD00106,13-04-2025,Apr,Q2,2025,North,UK,Retail,Electronics,Dining Table,Amit,162,35321,6008102.1,4173708.09,1834394.01,14599,6312461.64,6008102.1,-5.07,6694520.28,89.75,Spring
ORD00107,18-02-2024,Feb,Q1,2024,East,UK,Retail,Clothing,Rice Pack,Arjun,381,3667,1526361.25,1213067.54,313293.71,135076,1584994.43,1526361.25,-3.84,1635427.82,93.33,Winter
ORD00108,30-09-2024,Sep,Q3,2024,North,Germany,Retail,Grocery,Gaming Monitor,Rahul,280,1155,373527,248613.59,124913.41,82500,359071.2,373527,3.87,438833.28,85.12,Fall
ORD00109,07-12-2025,Dec,Q4,2025,West,UK,Corporate,Electronics,Winter Jacket,Neha,315,43504,17335256.4,10661325.41,6673930.99,172120,17010082.46,17335256.4,1.88,19128561,90.62,Winter
ORD00110,12-06-2024,Jun,Q2,2024,North,USA,SMB,Grocery,Laptop Pro,Rahul,35,3500,128625,86491.32,42133.68,153699,116595.61,128625,9.35,140403.62,91.61,Summer
ORD00111,14-01-2025,Jan,Q1,2025,East,Germany,Retail,Furniture,Bluetooth Speaker,Neha,204,26284,5857915.08,4640078.03,1217837.05,11793,6134027.74,5857915.08,-4.71,6816592.19,85.94,Winter
ORD00112,29-07-2025,Jul,Q3,2025,North,UK,Corporate,Grocery,Dining Table,Anjali,147,1611,248657.85,191607.1,57050.75,123500,232378.54,248657.85,6.55,272747.66,91.17,Summer
ORD00113,29-11-2025,Nov,Q4,2025,East,UK,SMB,Electronics,Bluetooth Speaker,Karan,149,34657,5396268.19,4094360.62,1301907.57,138367,5098654.95,5396268.19,5.52,6342579.95,85.08,Fall
ORD00114,30-08-2024,Aug,Q3,2024,West,India,Corporate,Clothing,Organic Oil,Karan,67,3033,223532.1,178807.58,44724.52,193447,222578.29,223532.1,0.43,255715.23,87.41,Summer
ORD00115,11-08-2025,Aug,Q3,2025,North,USA,Corporate,Electronics,Organic Oil,Pooja,349,48905,17921237.25,13504661.73,4416575.52,38825,17679724.52,17921237.25,1.35,23376836.9,76.66,Summer
ORD00116,07-05-2024,May,Q2,2024,South,UK,Retail,Furniture,Jeans Classic,Sneha,178,34324,6109672,3972026.45,2137645.55,171476,6667303.75,6109672,-9.13,6619367.99,92.3,Spring
ORD00117,21-09-2025,Sep,Q3,2025,North,USA,SMB,Furniture,Office Chair,Anjali,369,32608,13897366.56,10632142.12,3265224.44,12437,12733386.66,13897366.56,8.38,16300127.44,85.26,Fall
ORD00118,28-09-2024,Sep,Q3,2024,South,Germany,SMB,Electronics,Organic Oil,Karan,149,34798,5703392.2,3761311.72,1942080.48,24129,5918539.63,5703392.2,-3.77,6263633.07,91.06,Fall
ORD00119,20-04-2025,Apr,Q2,2025,South,UK,SMB,Furniture,Jeans Classic,Neha,376,18065,6792440,4775058.33,2017381.67,32835,6546711.1,6792440,3.62,8014774.66,84.75,Spring
ORD00120,10-09-2024,Sep,Q3,2024,South,India,Retail,Clothing,Rice Pack,Anjali,215,7891,1866221.5,1423358.87,442862.63,156437,1948756.43,1866221.5,-4.42,2145720.91,86.97,Fall
ORD00121,11-06-2025,Jun,Q2,2025,West,Germany,Corporate,Grocery,Laptop Pro,Priya,484,2472,1316092.8,846285.69,469807.11,97509,1197291.24,1316092.8,9.03,1433392.47,91.82,Summer
ORD00122,31-10-2025,Oct,Q4,2025,West,UK,SMB,Electronics,Smartphone X,Arjun,69,32332,2699398.68,1817201.37,882197.31,110010,2457077.81,2699398.68,8.98,3183429.78,84.8,Fall
ORD00123,22-10-2024,Oct,Q4,2024,North,Germany,SMB,Grocery,Bluetooth Speaker,Vikram,423,3726,1820393.19,1228109.46,592283.73,93889,1841448.53,1820393.19,-1.16,2157184.81,84.39,Fall
ORD00124,08-09-2025,Sep,Q3,2025,West,India,Retail,Electronics,Office Chair,Neha,412,46047,22955350.44,16556594.81,6398755.63,140136,21301559.7,22955350.44,7.2,28781581.67,79.76,Fall
ORD00125,06-02-2025,Feb,Q1,2025,East,UK,SMB,Grocery,Winter Jacket,Anjali,154,3517,591717.66,394230.66,197487,33732,648510.49,591717.66,-9.6,655396.07,90.28,Winter
ORD00126,05-12-2025,Dec,Q4,2025,North,Germany,Corporate,Furniture,Winter Jacket,Amit,299,10587,3822356.95,2406384.47,1415972.48,183448,3625273.6,3822356.95,5.16,4287312.65,89.16,Winter
ORD00127,14-07-2024,Jul,Q3,2024,North,Germany,Corporate,Grocery,Office Chair,Arjun,354,4363,1621727.1,1256130.69,365596.41,197895,1695483.93,1621727.1,-4.55,1907293.82,85.03,Summer
ORD00128,28-07-2025,Jul,Q3,2025,East,Germany,SMB,Grocery,Jeans Classic,Rahul,236,3402,762728.4,560737.87,201990.53,193986,790300.4,762728.4,-3.61,946959.84,80.54,Summer
ORD00129,10-05-2025,May,Q2,2025,South,USA,Corporate,Clothing,Dining Table,Vikram,395,2198,868210,575977.59,292232.41,96436,878713.19,868210,-1.21,1023736.85,84.81,Spring
ORD00130,21-10-2024,Oct,Q4,2024,North,Germany,Corporate,Clothing,Office Chair,Vikram,22,1147,29145.27,22873.26,6272.01,176959,27725.57,29145.27,4.87,34819.91,83.7,Fall
ORD00131,05-07-2025,Jul,Q3,2025,East,UK,Retail,Electronics,Gaming Monitor,Anjali,123,30889,3609379.65,2328534.72,1280844.93,66036,3286333.75,3609379.65,8.95,3941292.07,91.58,Summer
ORD00132,12-04-2024,Apr,Q2,2024,South,India,SMB,Furniture,Rice Pack,Pooja,245,29769,7293405,4792372.94,2501032.06,20509,7888454.89,7293405,-8.16,7730425.89,94.35,Spring
ORD00133,01-07-2025,Jul,Q3,2025,North,USA,Corporate,Furniture,Laptop Pro,Arjun,404,11105,4710741,3652466.6,1058274.4,7429,4520796.58,4710741,4.03,5133215.22,91.77,Summer
ORD00134,09-12-2024,Dec,Q4,2024,East,Germany,SMB,Grocery,Office Chair,Karan,240,1422,372848.4,248368.05,124480.35,196658,369784.67,372848.4,0.82,431433.89,86.42,Winter
ORD00135,11-12-2024,Dec,Q4,2024,East,USA,Retail,Grocery,Rice Pack,Karan,168,1281,235114.74,149757.8,85356.94,41860,234054.57,235114.74,0.45,310283.08,75.77,Winter
ORD00136,27-01-2025,Jan,Q1,2025,South,Germany,Corporate,Clothing,T-Shirt Premium,Anjali,371,5854,2497609.1,1844618.49,652990.61,21285,2581421.93,2497609.1,-3.36,2998126.01,83.31,Winter
ORD00137,03-12-2025,Dec,Q4,2025,East,India,SMB,Clothing,Jeans Classic,Anjali,114,4417,550115.26,380127.3,169987.96,163790,536211.08,550115.26,2.53,609752.16,90.22,Winter
ORD00138,04-07-2025,Jul,Q3,2025,South,USA,SMB,Electronics,Bluetooth Speaker,Pooja,271,38709,10490139,6423653.5,4066485.5,148562,11335409.56,10490139,-8.06,11387419.94,92.12,Summer
ORD00139,17-06-2024,Jun,Q2,2024,East,Germany,Retail,Furniture,Winter Jacket,Anjali,251,34454,8215556.3,6258104.85,1957451.45,123864,7610799.9,8215556.3,7.36,9183775.96,89.46,Summer
ORD00140,26-07-2025,Jul,Q3,2025,West,UK,SMB,Electronics,Rice Pack,Vikram,419,15197,7004297.3,4266023.03,2738274.27,95316,7285008.35,7004297.3,-4.01,8645186.62,81.02,Summer
ORD00141,11-03-2024,Mar,Q1,2024,West,India,Corporate,Grocery,Office Chair,Rahul,393,3633,1570545.9,1083217.17,487328.73,103958,1531485.02,1570545.9,2.49,1801263.31,87.19,Spring
ORD00142,06-07-2025,Jul,Q3,2025,South,UK,Retail,Furniture,Bluetooth Speaker,Arjun,271,28850,7818350,5873425.07,1944924.93,83214,7760500.31,7818350,0.74,9348778.32,83.63,Summer
ORD00143,23-01-2025,Jan,Q1,2025,South,USA,Corporate,Clothing,Office Chair,Vikram,97,7131,795463.05,575107.57,220355.48,9101,754204.97,795463.05,5.19,837563.06,94.97,Winter
ORD00144,02-04-2025,Apr,Q2,2025,North,USA,SMB,Electronics,Rice Pack,Pooja,120,29238,3683988,2313644.36,1370343.64,80828,3488118.84,3683988,5.32,4428582.33,83.19,Spring
ORD00145,14-08-2025,Aug,Q3,2025,East,USA,Corporate,Furniture,Bookshelf,Karan,114,14846,1607821.8,1143713.79,464108.01,160101,1729924.25,1607821.8,-7.59,1916912.85,83.88,Summer
ORD00146,13-03-2025,Mar,Q1,2025,West,India,Corporate,Grocery,Bluetooth Speaker,Neha,357,2956,1160821.2,783893.31,376927.89,146014,1154673.22,1160821.2,0.53,1442428.68,80.48,Spring
ORD00147,25-12-2025,Dec,Q4,2025,South,Germany,Retail,Grocery,Rice Pack,Karan,272,2588,809526.4,518637.13,290889.27,174530,741375.68,809526.4,8.42,937268.59,86.37,Winter
ORD00148,02-07-2025,Jul,Q3,2025,South,India,Corporate,Grocery,Bookshelf,Anjali,309,2041,630669,479895.04,150773.96,159031,658961.47,630669,-4.49,730012.19,86.39,Summer
ORD00149,06-12-2024,Dec,Q4,2024,East,India,Retail,Furniture,Winter Jacket,Priya,383,34964,14629899.11,9938476.87,4691422.24,67739,14782282.07,14629899.11,-1.04,17759457.18,82.38,Winter
ORD00150,30-06-2025,Jun,Q2,2025,East,UK,Corporate,Clothing,Bluetooth Speaker,Pooja,239,6418,1457206.9,1096294.34,360912.56,88947,1577959.95,1457206.9,-8.29,1655517.5,88.02,Summer
ORD00151,30-07-2025,Jul,Q3,2025,South,USA,Retail,Clothing,Bluetooth Speaker,Anjali,297,1748,519156,345743.91,173412.09,104572,526402.33,519156,-1.4,566273.16,91.68,Summer
ORD00152,02-12-2025,Dec,Q4,2025,East,UK,Corporate,Grocery,Organic Oil,Rahul,376,4977,2044452.06,1426339.1,618112.96,147117,2244940.65,2044452.06,-9.81,2491825.71,82.05,Winter
ORD00153,17-03-2024,Mar,Q1,2024,North,India,Corporate,Furniture,Bookshelf,Sneha,35,5299,194738.25,134603.45,60134.8,20846,199327.66,194738.25,-2.36,224341.16,86.8,Spring
ORD00154,09-05-2025,May,Q2,2025,West,India,Retail,Grocery,Laptop Pro,Amit,272,640,191488,134126.47,57361.53,187939,198153.04,191488,-3.48,215613.23,88.81,Spring
ORD00155,19-04-2024,Apr,Q2,2024,North,USA,Retail,Furniture,Gaming Monitor,Karan,130,13759,1878103.5,1156543.36,721560.14,111437,1862702.2,1878103.5,0.82,2002913.18,93.77,Spring
ORD00156,03-11-2024,Nov,Q4,2024,North,India,Retail,Grocery,Rice Pack,Arjun,283,577,188601.11,139672.14,48928.97,26675,188595.77,188601.11,0,204559.44,92.2,Fall
ORD00157,02-08-2025,Aug,Q3,2025,North,India,Retail,Furniture,Winter Jacket,Anjali,244,6525,1671705,1303699.76,368005.24,152720,1724567.4,1671705,-3.16,1725271.26,96.9,Summer
ORD00158,17-01-2024,Jan,Q1,2024,South,USA,SMB,Grocery,Smartphone X,Vikram,84,3687,356164.2,261925.64,94238.56,146705,344177.84,356164.2,3.37,447994.58,79.5,Winter
ORD00159,06-12-2025,Dec,Q4,2025,North,UK,Retail,Electronics,Rice Pack,Sneha,430,19981,10374634.72,8235220.14,2139414.58,90557,9398642.33,10374634.72,9.41,10647408.11,97.44,Winter
ORD00160,17-05-2025,May,Q2,2025,South,UK,SMB,Grocery,Rice Pack,Rahul,349,2919,1018731,773839.31,244891.69,191937,931834.61,1018731,8.53,1144933.62,88.98,Spring
ORD00161,11-10-2025,Oct,Q4,2025,South,Germany,Corporate,Clothing,Smartphone X,Priya,3,3448,11378.4,7059.69,4318.71,27884,10667,11378.4,6.25,12802.91,88.87,Fall
ORD00162,21-02-2025,Feb,Q1,2025,North,India,Retail,Clothing,Bluetooth Speaker,Priya,306,3655,1350504.23,889130.75,461373.48,106659,1425908.04,1350504.23,-5.58,1582869.1,85.32,Winter
ORD00163,05-09-2024,Sep,Q3,2024,South,Germany,Retail,Furniture,T-Shirt Premium,Vikram,138,9781,1484755.8,1019931.1,464824.7,115389,1425292,1484755.8,4,1809795.38,82.04,Fall
ORD00164,09-09-2024,Sep,Q3,2024,West,USA,Corporate,Electronics,Office Chair,Vikram,4,40932,198110.88,150725.79,47385.09,91387,195742.38,198110.88,1.2,213532.39,92.78,Fall
ORD00165,28-10-2025,Oct,Q4,2025,South,UK,Corporate,Furniture,Organic Oil,Neha,91,15457,1547245.7,1227820.87,319424.83,68550,1493366.35,1547245.7,3.48,1638101.69,94.45,Fall
ORD00166,08-01-2025,Jan,Q1,2025,North,USA,SMB,Furniture,Bookshelf,Karan,14,28211,476906.96,362228.53,114678.43,186622,435812.71,476906.96,8.62,549368.77,86.81,Winter
ORD00167,20-11-2025,Nov,Q4,2025,West,USA,SMB,Clothing,Dining Table,Vikram,338,3966,1622014.68,997203.32,624811.36,161744,1615278.36,1622014.68,0.42,1825009.13,88.88,Fall
ORD00168,09-12-2025,Dec,Q4,2025,West,India,Corporate,Electronics,Smartphone X,Sneha,337,38265,16312560.82,11625049.55,4687511.27,174091,16891565.04,16312560.82,-3.55,17681991.32,92.26,Winter
ORD00169,16-03-2025,Mar,Q1,2025,North,India,Retail,Clothing,Dining Table,Karan,383,5255,2113298.25,1456391.56,656906.69,107533,2097686.56,2113298.25,0.74,2412233.73,87.61,Spring
ORD00170,03-06-2024,Jun,Q2,2024,East,India,Corporate,Electronics,T-Shirt Premium,Arjun,472,20626,9248698.4,6193536.37,3055162.03,94932,9166075.4,9248698.4,0.89,10130623.58,91.29,Summer
ORD00171,02-05-2025,May,Q2,2025,North,Germany,SMB,Grocery,Jeans Classic,Priya,154,1442,233171.4,140956.08,92215.32,94935,240071.87,233171.4,-2.96,288765.33,80.75,Spring
ORD00172,06-09-2024,Sep,Q3,2024,South,USA,Corporate,Grocery,Organic Oil,Sneha,409,2026,911497.4,663657.41,247839.99,118281,892462.12,911497.4,2.09,1019990.42,89.36,Fall
ORD00173,05-04-2025,Apr,Q2,2025,West,Germany,Retail,Furniture,Dining Table,Vikram,386,23918,10155582.8,6473086.9,3682495.9,90454,9540305.34,10155582.8,6.06,10650541.88,95.35,Spring
ORD00174,16-05-2025,May,Q2,2025,East,Germany,SMB,Grocery,Gaming Monitor,Priya,179,1913,325305.65,248126.12,77179.53,190070,344863.9,325305.65,-6.01,390348.92,83.34,Spring
ORD00175,19-11-2025,Nov,Q4,2025,South,UK,Retail,Furniture,T-Shirt Premium,Priya,94,27722,2866454.8,1942575.36,923879.44,161349,2658847.4,2866454.8,7.24,3383504.99,84.72,Fall
ORD00176,12-10-2025,Oct,Q4,2025,South,USA,Corporate,Clothing,Office Chair,Rahul,162,939,167329.8,132252.18,35077.62,132037,155166.09,167329.8,7.27,187195.27,89.39,Fall
ORD00177,01-06-2025,Jun,Q2,2025,West,Germany,SMB,Grocery,Rice Pack,Pooja,251,752,207627.2,157625.62,50001.58,62810,198993.64,207627.2,4.16,227970.61,91.08,Summer
ORD00178,21-06-2024,Jun,Q2,2024,West,Germany,SMB,Electronics,Gaming Monitor,Priya,138,39042,5926575.6,4456789.75,1469785.85,120701,5981518.84,5926575.6,-0.93,7758226.77,76.39,Summer
ORD00179,31-10-2025,Oct,Q4,2025,South,UK,Retail,Grocery,T-Shirt Premium,Neha,442,1461,710338.2,536395.08,173943.12,67113,669121.28,710338.2,5.8,817964.07,86.84,Fall
ORD00180,28-12-2025,Dec,Q4,2025,West,USA,SMB,Furniture,Dining Table,Sneha,413,23680,12371497.6,8118387.09,4253110.51,146234,11550963.87,12371497.6,6.63,15681434.9,78.89,Winter
ORD00181,09-08-2025,Aug,Q3,2025,East,India,Retail,Grocery,Laptop Pro,Vikram,444,1587,669396.6,435064.58,234332.02,191487,645579.03,669396.6,3.56,699100.12,95.75,Summer
ORD00182,06-02-2025,Feb,Q1,2025,West,USA,SMB,Clothing,Bookshelf,Arjun,193,5690,1389185.05,945437.88,443747.17,77935,1443280.92,1389185.05,-3.89,1691842.38,82.11,Winter
ORD00183,14-05-2025,May,Q2,2025,East,India,SMB,Electronics,Winter Jacket,Pooja,326,38476,11916017.2,8097448.15,3818569.05,117628,12690195.23,11916017.2,-6.5,13997507.79,85.13,Spring
ORD00184,17-10-2024,Oct,Q4,2024,East,USA,SMB,Grocery,Jeans Classic,Amit,24,4264,106941.12,64512.9,42428.22,46414,105685.33,106941.12,1.17,105548.66,101.32,Fall
ORD00185,26-07-2024,Jul,Q3,2024,South,UK,Retail,Clothing,Smartphone X,Neha,129,5943,766647,467928.71,298718.29,168998,736825.85,766647,3.89,941914.53,81.39,Summer
ORD00186,02-11-2025,Nov,Q4,2025,North,India,Retail,Furniture,Organic Oil,Priya,68,22021,1729529.34,1040930.01,688599.33,187346,1675420.72,1729529.34,3.13,1765580.25,97.96,Fall
ORD00187,11-12-2025,Dec,Q4,2025,South,Germany,Retail,Furniture,Rice Pack,Priya,375,8381,3614306.25,2805416.56,808889.69,40947,3529529.84,3614306.25,2.35,4094839.8,88.26,Winter
ORD00188,18-10-2025,Oct,Q4,2025,South,India,SMB,Electronics,Gaming Monitor,Rahul,226,38015,9450529,7409014.62,2041514.38,166500,9803158.8,9450529,-3.73,12174822.54,77.62,Fall
ORD00189,12-04-2024,Apr,Q2,2024,South,India,SMB,Grocery,Jeans Classic,Arjun,162,1190,192780,125236.33,67543.67,162548,196635.9,192780,-2,214856.45,89.73,Spring
ORD00190,08-12-2025,Dec,Q4,2025,North,UK,Retail,Furniture,Winter Jacket,Arjun,152,30683,5631557.82,3936332.45,1695225.37,34555,5339935.21,5631557.82,5.18,7040432.07,79.99,Winter
ORD00191,13-01-2024,Jan,Q1,2024,East,UK,Retail,Grocery,Gaming Monitor,Arjun,188,1097,225312.83,135939.77,89373.06,22703,203403.11,225312.83,9.72,231451.16,97.35,Winter
ORD00192,11-02-2025,Feb,Q1,2025,East,Germany,Corporate,Grocery,Smartphone X,Karan,276,3038,916048.14,564106.39,351941.75,58267,1002946.92,916048.14,-9.49,1019719.06,89.83,Winter
ORD00193,23-08-2025,Aug,Q3,2025,North,UK,SMB,Grocery,Winter Jacket,Sneha,30,1450,45675,31546.55,14128.45,164601,41610.19,45675,8.9,52284.75,87.36,Summer
ORD00194,28-06-2024,Jun,Q2,2024,North,India,SMB,Furniture,Winter Jacket,Amit,84,16360,1442952,1091733.76,351218.24,193944,1373472.98,1442952,4.82,1558037.61,92.61,Summer
ORD00195,02-10-2024,Oct,Q4,2024,North,India,Corporate,Grocery,T-Shirt Premium,Karan,33,1131,43108.07,30142.43,12965.64,138898,41902.11,43108.07,2.8,48792.93,88.35,Fall
ORD00196,11-01-2025,Jan,Q1,2025,South,UK,Retail,Electronics,Dining Table,Karan,2,17886,41137.8,26694.74,14443.06,128670,40018.66,41137.8,2.72,52659.85,78.12,Winter
ORD00197,06-02-2024,Feb,Q1,2024,West,USA,Corporate,Furniture,Rice Pack,Neha,139,23728,4172212.88,2922252.07,1249960.81,18807,3904644.15,4172212.88,6.41,4648415.7,89.76,Winter
ORD00198,14-02-2025,Feb,Q1,2025,North,Germany,Corporate,Clothing,Jeans Classic,Priya,284,3522,1207799.46,795117.35,412682.11,84668,1265671.41,1207799.46,-4.79,1354466.74,89.17,Winter
ORD00199,20-05-2025,May,Q2,2025,South,USA,Retail,Electronics,Rice Pack,Amit,120,37703,4524360,3575140.46,949219.54,5383,4758657.74,4524360,-5.18,4897040.23,92.39,Spring
ORD00200,10-11-2024,Nov,Q4,2024,North,USA,SMB,Furniture,Rice Pack,Pooja,493,9665,5503395.98,3404430.07,2098965.91,65679,5940682.04,5503395.98,-7.95,6123378.01,89.88,Fall
ORD00201,16-01-2025,Jan,Q1,2025,West,India,SMB,Electronics,Bluetooth Speaker,Rahul,327,40844,16895324.82,11607030.3,5288294.52,39264,16005859.41,16895324.82,5.26,19162605.94,88.17,Winter
ORD00202,06-02-2025,Feb,Q1,2025,East,UK,Corporate,Clothing,Dining Table,Priya,484,6889,3642696.53,2298840.61,1343855.92,48089,3605953.92,3642696.53,1.01,4298442.44,84.74,Winter
ORD00203,01-01-2025,Jan,Q1,2025,South,Germany,Corporate,Grocery,T-Shirt Premium,Priya,47,2992,161717.6,123758.81,37958.79,187682,165058.77,161717.6,-2.07,167703.28,96.43,Winter
ORD00204,31-05-2024,May,Q2,2024,North,USA,Corporate,Grocery,Bluetooth Speaker,Amit,347,1924,701009.4,424963.41,276045.99,111008,750725.17,701009.4,-7.09,802319.62,87.37,Spring
ORD00205,06-04-2024,Apr,Q2,2024,West,India,Retail,Electronics,Laptop Pro,Amit,426,29567,13855096.2,9344541.21,4510554.99,170228,15067624.66,13855096.2,-8.75,14645644.13,94.6,Spring
ORD00206,17-03-2024,Mar,Q1,2024,North,India,Retail,Grocery,Office Chair,Priya,464,4276,2083267.2,1271058.69,812208.51,155440,2055416.57,2083267.2,1.34,2465393.67,84.5,Spring
ORD00207,26-01-2025,Jan,Q1,2025,West,USA,Corporate,Furniture,Office Chair,Vikram,144,33948,6183967.68,4469903.65,1714064.03,166736,5869555.94,6183967.68,5.08,6945031.57,89.04,Winter
ORD00208,17-07-2025,Jul,Q3,2025,West,India,Retail,Clothing,Rice Pack,Rahul,215,7747,1832165.5,1190595.28,641570.22,147516,1940206.92,1832165.5,-5.9,2157992.17,84.9,Summer
ORD00209,02-01-2025,Jan,Q1,2025,West,Germany,Corporate,Clothing,Rice Pack,Vikram,93,5391,634224.19,384251.51,249972.68,78644,578233.77,634224.19,8.83,776132.77,81.72,Winter
ORD00210,21-08-2025,Aug,Q3,2025,South,USA,Retail,Furniture,Bookshelf,Sneha,137,31748,4349476,3274328.79,1075147.21,62517,4415320.2,4349476,-1.51,5433321.74,80.05,Summer
ORD00211,26-06-2024,Jun,Q2,2024,South,USA,SMB,Clothing,Winter Jacket,Neha,468,6238,2919384,2304887.96,614496.04,152746,2710415.83,2919384,7.16,3391146.74,86.09,Summer
ORD00212,19-05-2025,May,Q2,2025,East,USA,Corporate,Electronics,Smartphone X,Amit,120,29339,3344646,2007244.81,1337401.19,165991,3144946.81,3344646,5.97,3492842.13,95.76,Spring
ORD00213,27-11-2024,Nov,Q4,2024,North,India,Retail,Furniture,Smartphone X,Karan,441,7376,3757002.48,2694534.7,1062467.78,93227,3608048.72,3757002.48,3.96,4284055.14,87.7,Fall
ORD00214,23-03-2025,Mar,Q1,2025,West,UK,Retail,Clothing,Dining Table,Anjali,418,3013,1385377.4,866511.55,518865.85,196058,1247337.82,1385377.4,9.96,1615002.46,85.78,Spring
ORD00215,04-08-2025,Aug,Q3,2025,North,USA,SMB,Clothing,Gaming Monitor,Sneha,328,1652,568948.8,426181.72,142767.08,67389,551517.36,568948.8,3.06,619755.04,91.8,Summer
ORD00216,31-03-2024,Mar,Q1,2024,East,Germany,Retail,Clothing,Dining Table,Sneha,355,2602,877524.5,652950.81,224573.69,17621,857505.9,877524.5,2.28,969169.92,90.54,Spring
ORD00217,27-02-2025,Feb,Q1,2025,West,Germany,Corporate,Grocery,Smartphone X,Pooja,404,1103,563699.18,428320.57,135378.61,13758,540577.21,563699.18,4.1,586097.18,96.18,Winter
ORD00218,16-03-2024,Mar,Q1,2024,East,USA,Corporate,Furniture,Winter Jacket,Priya,281,16073,4290687.35,3178974.25,1111713.1,118068,4670363.63,4290687.35,-8.85,4392764.66,97.68,Spring
ORD00219,09-06-2024,Jun,Q2,2024,North,India,Corporate,Furniture,Dining Table,Arjun,357,26646,9988253.1,6467490.34,3520762.76,18011,9774309.14,9988253.1,2.14,11525002.75,86.67,Summer
ORD00220,25-02-2024,Feb,Q1,2024,East,India,Corporate,Electronics,T-Shirt Premium,Anjali,246,28085,7547984.17,4786678.24,2761305.93,81496,8268148.96,7547984.17,-9.54,9137521.71,82.6,Winter
ORD00221,11-02-2025,Feb,Q1,2025,West,Germany,SMB,Clothing,Smartphone X,Karan,199,7753,1951701.45,1315213.22,636488.23,121857,1773947.09,1951701.45,9.11,2294976.49,85.04,Winter
ORD00222,02-10-2024,Oct,Q4,2024,North,USA,SMB,Electronics,Smartphone X,Neha,414,42131,20145780.27,14318016.63,5827763.64,106477,21428684.57,20145780.27,-6.37,22629055.29,89.03,Fall
ORD00223,01-05-2025,May,Q2,2025,South,Germany,Corporate,Electronics,Rice Pack,Amit,258,48870,12608460,7868389.84,4740070.16,122713,11783561.52,12608460,6.54,14435158.49,87.35,Spring
ORD00224,16-07-2024,Jul,Q3,2024,South,India,Corporate,Electronics,Bookshelf,Arjun,104,24691,2567864,1704933.04,862930.96,195605,2780572.47,2567864,-8.28,2790765.6,92.01,Summer
ORD00225,10-02-2025,Feb,Q1,2025,East,UK,SMB,Grocery,Laptop Pro,Anjali,301,1421,467285.19,319103.67,148181.52,43849,473508.86,467285.19,-1.33,505004.53,92.53,Winter
ORD00226,12-04-2024,Apr,Q2,2024,North,India,Corporate,Clothing,Rice Pack,Vikram,197,5488,1135192.8,689621.83,445570.97,77198,1113164.15,1135192.8,1.94,1285830.68,88.28,Spring
ORD00227,15-02-2025,Feb,Q1,2025,North,Germany,Corporate,Furniture,Laptop Pro,Pooja,472,34393,19601946.42,13085734.42,6516212,84444,18860794.07,19601946.42,3.78,22356237.13,87.68,Winter
ORD00228,02-12-2025,Dec,Q4,2025,North,USA,Retail,Clothing,Winter Jacket,Pooja,397,6470,3101572.43,2236220.78,865351.65,28406,2907994.42,3101572.43,6.24,3229868.81,96.03,Winter
ORD00229,11-05-2025,May,Q2,2025,East,India,SMB,Furniture,Smartphone X,Vikram,364,18218,6299784.4,4887791.79,1411992.61,12588,5888707.54,6299784.4,6.53,7984079.39,78.9,Spring
ORD00230,29-02-2024,Feb,Q1,2024,South,India,Corporate,Electronics,Jeans Classic,Sneha,141,39140,6346551,4311773.48,2034777.52,37472,6576517.46,6346551,-3.62,6984333.77,90.87,Winter
ORD00231,01-04-2025,Apr,Q2,2025,South,Germany,SMB,Clothing,Jeans Classic,Rahul,429,7306,3134274,2059261.51,1075012.49,106335,2851970.59,3134274,9.01,3621763.22,86.54,Spring
ORD00232,07-08-2024,Aug,Q3,2024,South,USA,SMB,Furniture,T-Shirt Premium,Arjun,263,33332,8766316,6091006.79,2675309.21,39685,9024697.12,8766316,-2.95,11012433.99,79.6,Summer
ORD00233,15-09-2024,Sep,Q3,2024,East,UK,Corporate,Grocery,Jeans Classic,Pooja,130,4765,647325.25,495114.59,152210.66,109111,658263.38,647325.25,-1.69,635817.14,101.81,Fall
ORD00234,18-01-2025,Jan,Q1,2025,East,UK,SMB,Electronics,Organic Oil,Priya,173,33119,6259573.8,4082677.95,2176895.85,191408,6825674.38,6259573.8,-9.04,7692511.25,81.37,Winter
ORD00235,13-06-2025,Jun,Q2,2025,South,India,SMB,Grocery,Bookshelf,Neha,349,4574,1596326,1276252.77,320073.23,73007,1726238.7,1596326,-8.14,1735771.34,91.97,Summer
ORD00236,20-08-2025,Aug,Q3,2025,South,UK,SMB,Furniture,Bookshelf,Karan,327,34705,11348535,7960577.08,3387957.92,49560,12121685.03,11348535,-6.81,14430971.65,78.64,Summer
ORD00237,09-04-2024,Apr,Q2,2024,West,USA,SMB,Clothing,Winter Jacket,Karan,391,7869,3384456.9,2473655.31,910801.59,63262,3286499.48,3384456.9,2.89,4137333.74,81.8,Spring
ORD00238,05-12-2024,Dec,Q4,2024,East,UK,SMB,Clothing,Organic Oil,Priya,241,5696,1499714.08,1041467.35,458246.73,55998,1499857.27,1499714.08,-0.01,1844737.07,81.3,Winter
ORD00239,01-11-2024,Nov,Q4,2024,West,India,Retail,Furniture,Dining Table,Neha,210,9693,2462991.3,1861499.85,601491.45,132816,2380544.86,2462991.3,3.35,3115056.01,79.07,Fall
ORD00240,29-02-2024,Feb,Q1,2024,North,Germany,Corporate,Furniture,Office Chair,Anjali,392,21042,9960020.28,6233789.36,3726230.92,118694,10225928,9960020.28,-2.67,10472680.66,95.1,Winter
ORD00241,27-01-2025,Jan,Q1,2025,North,India,SMB,Furniture,Winter Jacket,Neha,487,34229,20128449.02,12844272.13,7284176.89,182405,18132205.39,20128449.02,9.92,24886584.02,80.88,Winter
ORD00242,18-12-2024,Dec,Q4,2024,East,USA,Retail,Grocery,Bluetooth Speaker,Anjali,157,874,149910.66,98887.14,51023.52,81238,148589.24,149910.66,0.88,171330.89,87.5,Winter
ORD00243,20-03-2025,Mar,Q1,2025,South,UK,Corporate,Clothing,Dining Table,Rahul,486,2371,1152306,858967.8,293338.2,39394,1085746.55,1152306,5.78,1220840.3,94.39,Spring
ORD00244,06-05-2024,May,Q2,2024,East,India,Corporate,Clothing,Bluetooth Speaker,Anjali,25,1385,32893.75,20053.58,12840.17,35353,32346.24,32893.75,1.66,36663.47,89.72,Spring
ORD00245,30-04-2025,Apr,Q2,2025,South,USA,SMB,Electronics,T-Shirt Premium,Arjun,339,21617,7328163,5309690.52,2018472.48,188691,6796378.03,7328163,7.26,9372585.76,78.19,Spring
ORD00246,24-09-2025,Sep,Q3,2025,North,UK,Retail,Electronics,Organic Oil,Sneha,312,28090,10122512.4,8043590.73,2078921.67,98827,10534370.61,10122512.4,-4.07,12070101.66,83.86,Fall
ORD00247,23-05-2025,May,Q2,2025,South,Germany,Corporate,Furniture,Laptop Pro,Amit,344,34716,11942304,7521608.17,4420695.83,28614,12609941.43,11942304,-5.59,12347531.45,96.72,Spring
ORD00248,19-09-2024,Sep,Q3,2024,South,Germany,Corporate,Clothing,Organic Oil,Amit,52,823,47075.6,31636.82,15438.78,182410,45312.21,47075.6,3.75,59500.48,79.12,Fall
ORD00249,16-02-2024,Feb,Q1,2024,North,USA,SMB,Furniture,Jeans Classic,Neha,458,25375,14033263.12,9465778.82,4567484.3,94842,13143187.75,14033263.12,6.34,14756000.95,95.1,Winter
ORD00250,05-10-2024,Oct,Q4,2024,West,Germany,Corporate,Furniture,Smartphone X,Rahul,357,32667,14111163.99,9640825.46,4470338.53,159861,14062268.38,14111163.99,0.35,16463636.79,85.71,Fall
ORD00251,17-09-2025,Sep,Q3,2025,West,UK,SMB,Electronics,Bookshelf,Rahul,248,46989,14100459.12,9703055.76,4397403.36,21603,13428185.52,14100459.12,4.77,15190365.11,92.83,Fall
ORD00252,25-11-2025,Nov,Q4,2025,South,UK,SMB,Electronics,Rice Pack,Sneha,247,37659,10231950.3,6443375.17,3788575.13,151366,11034261.84,10231950.3,-7.84,12869501.37,79.51,Fall
ORD00253,09-06-2024,Jun,Q2,2024,West,Germany,Retail,Electronics,Organic Oil,Neha,124,36685,5003834,3225177.69,1778656.31,173641,4882378.53,5003834,2.43,6414632.23,78.01,Summer
ORD00254,30-03-2025,Mar,Q1,2025,West,India,Corporate,Grocery,Jeans Classic,Priya,255,3877,1087498.5,660292.53,427205.97,148942,978785.56,1087498.5,10,1147680.95,94.76,Spring
ORD00255,25-09-2025,Sep,Q3,2025,East,USA,SMB,Grocery,Jeans Classic,Neha,423,4222,1866271.77,1243673.29,622598.48,167465,1903578.97,1866271.77,-2,2252115.67,82.87,Fall
ORD00256,08-04-2025,Apr,Q2,2025,North,India,SMB,Furniture,Laptop Pro,Neha,182,22946,4384980.6,3246723.87,1138256.73,17000,4733040.29,4384980.6,-7.94,4772520.26,91.88,Spring
ORD00257,23-02-2025,Feb,Q1,2025,North,UK,SMB,Furniture,Dining Table,Priya,477,12064,6948592.56,5165288.97,1783303.59,33250,7305957.76,6948592.56,-5.14,7248321.97,95.86,Winter
ORD00258,19-11-2025,Nov,Q4,2025,North,Germany,Corporate,Furniture,Organic Oil,Amit,272,23128,7265892.48,5702811.36,1563081.12,51452,7544637.86,7265892.48,-3.84,7530532.23,96.49,Fall
ORD00259,16-04-2024,Apr,Q2,2024,West,UK,SMB,Grocery,Rice Pack,Anjali,469,3308,1706597.2,1355205.99,351391.21,123710,1810630.28,1706597.2,-6.1,1815350.2,94.01,Spring
ORD00260,08-06-2025,Jun,Q2,2025,East,UK,SMB,Furniture,Dining Table,Sneha,320,27498,8359392,6656308.82,1703083.18,175416,9153834.33,8359392,-9.5,9031078.16,92.56,Summer
ORD00261,14-10-2025,Oct,Q4,2025,East,India,Corporate,Grocery,Gaming Monitor,Anjali,483,4873,2459573.66,1616396.38,843177.28,115726,2611233.32,2459573.66,-6.17,3044873.44,80.78,Fall
ORD00262,28-05-2024,May,Q2,2024,North,India,Retail,Clothing,Office Chair,Vikram,350,7376,2710680,2000804.33,709875.67,82369,2550208.23,2710680,5.92,3188690.92,85.01,Spring
ORD00263,08-04-2025,Apr,Q2,2025,North,USA,SMB,Grocery,Dining Table,Karan,402,884,373136.4,293022.88,80113.52,106595,366909.97,373136.4,1.67,433122.17,86.15,Spring
ORD00264,19-07-2025,Jul,Q3,2025,North,India,SMB,Clothing,Dining Table,Anjali,445,2347,1096635.75,823597.07,273038.68,148291,1148934.32,1096635.75,-4.77,1156061.46,94.86,Summer
ORD00265,17-07-2024,Jul,Q3,2024,East,Germany,Retail,Electronics,Office Chair,Rahul,377,48675,17432951.25,11953801.92,5479149.33,150908,16610951.32,17432951.25,4.72,17949976.22,97.12,Summer
ORD00266,06-01-2024,Jan,Q1,2024,East,Germany,SMB,Furniture,Laptop Pro,Rahul,476,24558,12770896.74,8915493.13,3855403.61,155123,12899014.84,12770896.74,-1,13230852.37,96.52,Winter
ORD00267,22-06-2025,Jun,Q2,2025,South,USA,SMB,Electronics,Bluetooth Speaker,Rahul,213,41438,8826294,6855200.27,1971093.73,178889,8529524.9,8826294,3.36,10326749.62,85.47,Summer
ORD00268,25-09-2025,Sep,Q3,2025,West,India,Retail,Clothing,Organic Oil,Sneha,464,6091,3419731.04,2312676.97,1107054.07,34720,3341676.32,3419731.04,2.28,4070769.44,84.01,Fall
ORD00269,13-06-2025,Jun,Q2,2025,East,Germany,Corporate,Electronics,T-Shirt Premium,Sneha,165,48678,7630276.5,6060925.13,1569351.37,146026,7680950.42,7630276.5,-0.66,9308983.3,81.97,Summer
ORD00270,06-10-2025,Oct,Q4,2025,South,Germany,Retail,Furniture,Bluetooth Speaker,Arjun,332,29474,10763904.8,6509477.77,4254427.03,192922,10401624.86,10763904.8,3.37,12384622.04,86.91,Fall
ORD00271,14-09-2024,Sep,Q3,2024,North,USA,Corporate,Grocery,Rice Pack,Pooja,323,638,238015.47,161350.78,76664.69,36013,239673.69,238015.47,-0.7,273088.82,87.16,Fall
ORD00272,22-08-2025,Aug,Q3,2025,North,India,Corporate,Electronics,T-Shirt Premium,Vikram,311,20669,6749461.95,4564544.45,2184917.5,178204,6116118.29,6749461.95,9.38,7643586.97,88.3,Summer
ORD00273,04-02-2025,Feb,Q1,2025,East,USA,Corporate,Clothing,Laptop Pro,Karan,448,842,412108.48,294469.53,117638.95,108306,415170.61,412108.48,-0.74,518995.17,79.41,Winter
ORD00274,18-12-2024,Dec,Q4,2024,South,Germany,SMB,Furniture,Office Chair,Rahul,114,11367,1490213.7,1094108.32,396105.38,153712,1595199.59,1490213.7,-7.05,1683510.44,88.52,Winter
ORD00275,16-07-2025,Jul,Q3,2025,West,India,Corporate,Electronics,T-Shirt Premium,Priya,102,46928,5265321.6,3866110.37,1399211.23,66481,4844143.32,5265321.6,8,5775565.19,91.17,Summer
ORD00276,21-11-2024,Nov,Q4,2024,West,Germany,Corporate,Clothing,Winter Jacket,Anjali,79,3091,295468.69,187246.75,108221.94,87107,280469.23,295468.69,5.08,312036.12,94.69,Fall
ORD00277,22-03-2025,Mar,Q1,2025,East,UK,Retail,Clothing,Organic Oil,Pooja,229,3002,653085.1,463908.79,189176.31,51077,672096.62,653085.1,-2.91,723685.64,90.24,Spring
ORD00278,23-05-2024,May,Q2,2024,South,UK,SMB,Electronics,Winter Jacket,Priya,457,16220,7412540,5652272.86,1760267.14,156755,7271901.09,7412540,1.9,8087722.21,91.65,Spring
ORD00279,18-07-2025,Jul,Q3,2025,East,Germany,SMB,Furniture,Jeans Classic,Arjun,115,9387,1025529.75,720006.39,305523.36,109014,997607.77,1025529.75,2.72,1130696.6,90.7,Summer
ORD00280,20-09-2025,Sep,Q3,2025,South,USA,Corporate,Furniture,Office Chair,Anjali,486,29114,15564344.4,12262136.07,3302208.33,15595,14689065.18,15564344.4,5.62,19046613.39,81.72,Fall
ORD00281,13-01-2025,Jan,Q1,2025,South,India,SMB,Furniture,Bluetooth Speaker,Neha,199,19897,4553428.45,2768397.71,1785030.74,175006,4393212.53,4553428.45,3.52,5351410.44,85.09,Winter
ORD00282,07-10-2024,Oct,Q4,2024,East,USA,Corporate,Grocery,Jeans Classic,Anjali,335,3582,1253968.65,996321.76,257646.89,63431,1258074.59,1253968.65,-0.33,1326803.02,94.51,Fall
ORD00283,13-05-2025,May,Q2,2025,West,India,SMB,Furniture,Organic Oil,Rahul,118,21860,2837428,1822489.71,1014938.29,53996,2642983.23,2837428,6.85,3142109.6,90.3,Spring
ORD00284,07-11-2025,Nov,Q4,2025,South,Germany,Corporate,Electronics,Organic Oil,Pooja,246,28808,7795444.8,4712262.25,3083182.55,16310,7215284.59,7795444.8,7.44,9578591.6,81.38,Fall
ORD00285,08-06-2025,Jun,Q2,2025,North,USA,Retail,Furniture,T-Shirt Premium,Rahul,265,24639,6855801.75,5318057.73,1537744.02,195834,7077580.17,6855801.75,-3.23,8097429.9,84.67,Summer
ORD00286,04-04-2025,Apr,Q2,2025,West,Germany,Retail,Furniture,Rice Pack,Anjali,74,25421,2069269.4,1351034.56,718234.84,194841,2146077.02,2069269.4,-3.71,2481918.34,83.37,Spring
ORD00287,11-03-2024,Mar,Q1,2024,South,Germany,Corporate,Furniture,Smartphone X,Amit,104,33167,3449368,2541748.1,907619.9,44206,3522157.27,3449368,-2.11,3532401.89,97.65,Spring
ORD00288,06-09-2025,Sep,Q3,2025,North,India,Retail,Grocery,Bookshelf,Rahul,462,4034,2152582.74,1516298.32,636284.42,102092,2313950.8,2152582.74,-7.5,2563873.9,83.96,Fall
ORD00289,08-05-2025,May,Q2,2025,West,UK,SMB,Electronics,Rice Pack,Rahul,131,46269,6667362.9,4378146.07,2289216.83,147535,6545545.79,6667362.9,1.83,7036789.26,94.75,Spring
ORD00290,08-01-2024,Jan,Q1,2024,North,India,Corporate,Furniture,Winter Jacket,Neha,210,8492,2153358.9,1572630.71,580728.19,71488,2050558.79,2153358.9,4.77,2451722.16,87.83,Winter
ORD00291,18-09-2025,Sep,Q3,2025,East,Germany,Retail,Grocery,Bluetooth Speaker,Karan,248,4462,1156371.92,752515.42,403856.5,85387,1174330.64,1156371.92,-1.55,1399634.77,82.62,Fall
ORD00292,21-05-2024,May,Q2,2024,North,USA,Corporate,Furniture,Smartphone X,Sneha,261,30758,8429229.9,5328517.47,3100712.43,171691,7595226.1,8429229.9,9.89,9560252.71,88.17,Spring
ORD00293,06-09-2025,Sep,Q3,2025,West,India,Retail,Clothing,Dining Table,Neha,41,3648,180977.28,130809.13,50168.15,141578,173248.44,180977.28,4.27,237779.07,76.11,Fall
ORD00294,28-06-2024,Jun,Q2,2024,West,Germany,Retail,Furniture,Bookshelf,Karan,147,6101,986531.7,693692.32,292839.38,65731,1009259.41,986531.7,-2.3,1183663.21,83.35,Summer
ORD00295,01-11-2025,Nov,Q4,2025,North,USA,Retail,Clothing,Rice Pack,Neha,343,5301,2100070.67,1477501.65,622569.02,198180,2185594.76,2100070.67,-4.07,2535760.93,82.82,Fall
ORD00296,26-07-2025,Jul,Q3,2025,East,UK,Corporate,Furniture,Gaming Monitor,Sneha,233,23838,5276541.3,3350640.44,1925900.86,137707,4861240.52,5276541.3,7.87,5825175.92,90.58,Summer
ORD00297,29-04-2024,Apr,Q2,2024,East,UK,SMB,Grocery,Rice Pack,Anjali,248,4258,1003184.8,738663.96,264520.84,158833,1075820.05,1003184.8,-7.24,1188354.47,84.42,Spring
ORD00298,26-01-2025,Jan,Q1,2025,South,USA,Corporate,Grocery,Jeans Classic,Karan,275,2657,840276.25,545886.74,294389.51,29381,823291.01,840276.25,2.02,1022230.36,82.2,Winter
ORD00299,21-07-2025,Jul,Q3,2025,South,Germany,Corporate,Clothing,Dining Table,Anjali,138,6096,841248,588705.24,252542.76,57341,796638.53,841248,5.3,958812.62,87.74,Summer
ORD00300,22-08-2024,Aug,Q3,2024,South,USA,SMB,Clothing,Office Chair,Priya,62,5934,367908,265911.17,101996.83,146944,401607.86,367908,-9.16,452017.16,81.39,Summer
ORD00301,18-11-2024,Nov,Q4,2024,West,UK,Corporate,Furniture,Bluetooth Speaker,Vikram,204,29581,7301774.04,4460139.97,2841634.07,115933,7270113.66,7301774.04,0.43,8398938.46,86.94,Fall
ORD00302,07-02-2025,Feb,Q1,2025,South,Germany,Retail,Grocery,Jeans Classic,Amit,7,1325,10666.25,7093.99,3572.26,165636,11438.15,10666.25,-7.24,12055.85,88.47,Winter
ORD00303,02-10-2024,Oct,Q4,2024,West,UK,Corporate,Furniture,Organic Oil,Arjun,108,27960,3653812.8,2459073,1194739.8,110012,3492774.31,3653812.8,4.41,4213643.33,86.71,Fall
ORD00304,12-08-2025,Aug,Q3,2025,South,India,SMB,Clothing,Dining Table,Karan,222,1694,376068,261215.86,114852.14,7553,351744.47,376068,6.47,399577.26,94.12,Summer
ORD00305,07-10-2025,Oct,Q4,2025,East,Germany,Corporate,Clothing,Bluetooth Speaker,Anjali,25,6156,160825.5,98426.38,62399.12,71660,160070.89,160825.5,0.47,189018.11,85.08,Fall
ORD00306,08-12-2024,Dec,Q4,2024,East,UK,Corporate,Clothing,Jeans Classic,Amit,211,7605,1753085.59,1254106.16,498979.43,175358,1805373.45,1753085.59,-2.98,1826558.83,95.98,Winter
ORD00307,29-12-2024,Dec,Q4,2024,East,Germany,SMB,Grocery,Smartphone X,Arjun,315,1686,580215.82,448884.86,131330.96,172924,615924.29,580215.82,-6.15,634268.48,91.48,Winter
ORD00308,08-08-2025,Aug,Q3,2025,West,India,Retail,Furniture,Jeans Classic,Sneha,161,26397,4674908.7,3370969.12,1303939.58,108666,4461029.85,4674908.7,4.58,5021009.08,93.11,Summer
ORD00309,06-01-2025,Jan,Q1,2025,West,Germany,Retail,Furniture,Laptop Pro,Rahul,373,26693,12594958.59,8087403,4507555.59,109083,11594942.34,12594958.59,7.94,12705320.47,99.13,Winter
ORD00310,15-07-2025,Jul,Q3,2025,North,India,Corporate,Electronics,Smartphone X,Vikram,317,25176,8379831.6,5546393.76,2833437.84,69853,8778029.85,8379831.6,-4.75,10079353.3,83.14,Summer
ORD00311,23-06-2025,Jun,Q2,2025,South,India,Retail,Clothing,Jeans Classic,Pooja,240,4144,994560,789589.59,204970.41,187877,1002374.77,994560,-0.79,1160880.87,85.67,Summer
ORD00312,13-10-2025,Oct,Q4,2025,West,UK,Corporate,Grocery,Bluetooth Speaker,Sneha,413,3496,1747056.08,1192262.28,554793.8,45820,1678422.25,1747056.08,3.93,1760229.8,99.25,Fall
ORD00313,19-05-2024,May,Q2,2024,East,UK,Corporate,Electronics,Winter Jacket,Pooja,485,46265,21316598.75,16191938.24,5124660.51,161500,20170684.03,21316598.75,5.38,22992868.58,92.71,Spring
ORD00314,25-02-2025,Feb,Q1,2025,West,Germany,Retail,Furniture,Winter Jacket,Arjun,425,12228,6574078.5,4499614.07,2074464.43,67799,6595917.67,6574078.5,-0.33,7727283.8,85.08,Winter
ORD00315,11-12-2025,Dec,Q4,2025,East,UK,SMB,Clothing,Rice Pack,Sneha,437,1619,772947.03,480828.14,292118.89,124365,791146.75,772947.03,-2.35,837410.1,92.3,Winter
ORD00316,11-07-2024,Jul,Q3,2024,East,India,Retail,Electronics,Bluetooth Speaker,Amit,96,21702,1979222.4,1470639.81,508582.59,195606,1784547.7,1979222.4,9.84,2293202.66,86.31,Summer
ORD00317,10-08-2024,Aug,Q3,2024,East,Germany,Corporate,Grocery,Jeans Classic,Pooja,357,1696,575198.4,351565.67,223632.73,107871,525890.63,575198.4,8.57,687346.29,83.68,Summer
ORD00318,13-09-2024,Sep,Q3,2024,West,India,Retail,Furniture,Rice Pack,Pooja,127,11526,1771200.42,1247328.62,523871.8,59643,1761574.14,1771200.42,0.54,2143521.68,82.63,Fall
ORD00319,26-11-2024,Nov,Q4,2024,South,India,SMB,Electronics,T-Shirt Premium,Pooja,327,34583,12439505.1,9612397.85,2827107.25,62091,13616964.12,12439505.1,-9.47,13792722.53,90.19,Fall
ORD00320,16-01-2024,Jan,Q1,2024,South,UK,SMB,Electronics,Rice Pack,Sneha,5,17752,102074,75298.08,26775.92,45630,99448.63,102074,2.57,115507.36,88.37,Winter
ORD00321,03-04-2024,Apr,Q2,2024,East,India,Retail,Clothing,Bookshelf,Rahul,360,4496,1537632,1019984.98,517647.02,151368,1626372.38,1537632,-5.77,1745209.13,88.11,Spring
ORD00322,25-03-2025,Mar,Q1,2025,South,India,SMB,Grocery,Jeans Classic,Rahul,129,4084,526836,375004.48,151831.52,147274,547597.32,526836,-3.94,603061.87,87.36,Spring
ORD00323,22-12-2024,Dec,Q4,2024,East,Germany,Corporate,Furniture,Smartphone X,Karan,80,14688,1283731.2,909294.01,374437.19,124034,1155542.89,1283731.2,9.99,1527378.72,84.05,Winter
ORD00324,08-07-2024,Jul,Q3,2024,North,UK,SMB,Furniture,Jeans Classic,Priya,338,11221,3982332.9,2999281.36,983051.54,45404,4072364.88,3982332.9,-2.26,4336961.82,91.82,Summer
ORD00325,23-04-2024,Apr,Q2,2024,North,India,Retail,Furniture,Office Chair,Amit,104,20904,2282716.8,1384155.99,898560.81,173231,2436252.12,2282716.8,-6.73,2662768.21,85.73,Spring
ORD00326,19-12-2025,Dec,Q4,2025,East,India,Corporate,Furniture,Gaming Monitor,Priya,7,26487,202559.33,140497.55,62061.78,172488,184762.47,202559.33,8.79,218932.99,92.52,Winter
ORD00327,01-03-2025,Mar,Q1,2025,East,India,SMB,Clothing,Bluetooth Speaker,Amit,376,2989,1067670.8,842307.59,225363.21,141179,981642,1067670.8,8.06,1256773.27,84.95,Spring
ORD00328,13-07-2024,Jul,Q3,2024,South,USA,SMB,Furniture,Bluetooth Speaker,Karan,213,30109,6413217,4713063.64,1700153.36,189169,6625164.02,6413217,-3.3,8181550.9,78.39,Summer
ORD00329,03-07-2024,Jul,Q3,2024,West,UK,SMB,Furniture,Bluetooth Speaker,Anjali,227,34572,8632628.4,6638239.19,1994389.21,113093,9088749.5,8632628.4,-5.28,9439689.53,91.45,Summer
ORD00330,15-09-2025,Sep,Q3,2025,South,USA,Corporate,Clothing,Jeans Classic,Pooja,230,6449,1631597,1299715.97,331881.03,161175,1473757.11,1631597,9.67,1662247.62,98.16,Fall
ORD00331,07-01-2024,Jan,Q1,2024,East,USA,Retail,Clothing,Laptop Pro,Vikram,471,5174,2662372.24,1647628.83,1014743.41,125683,2585512.62,2662372.24,2.89,2936862.88,90.65,Winter
ORD00332,19-08-2025,Aug,Q3,2025,South,USA,Corporate,Clothing,Smartphone X,Anjali,205,1132,232060,176036.27,56023.73,50325,231515.88,232060,0.23,273006.82,85,Summer
ORD00333,07-04-2024,Apr,Q2,2024,East,India,SMB,Grocery,Smartphone X,Amit,472,4057,1819158.8,1243039.11,576119.69,36598,1953698.88,1819158.8,-7.4,1947905.32,93.39,Spring
ORD00334,08-09-2025,Sep,Q3,2025,North,Germany,Retail,Clothing,Bluetooth Speaker,Amit,164,4615,874173.3,551288.21,322885.09,181589,914661.26,874173.3,-4.63,991665.81,88.15,Fall
ORD00335,01-09-2025,Sep,Q3,2025,North,USA,Corporate,Clothing,Rice Pack,Rahul,68,4398,345418.92,245119.79,100299.13,73827,316754.61,345418.92,8.3,379154.71,91.1,Fall
ORD00336,13-05-2024,May,Q2,2024,South,Germany,SMB,Furniture,Organic Oil,Arjun,334,23388,7811592,5071669.61,2739922.39,23781,7446411.15,7811592,4.67,8593759.36,90.9,Spring
ORD00337,12-08-2025,Aug,Q3,2025,North,India,SMB,Grocery,Rice Pack,Neha,179,698,131189.1,98908.22,32280.88,49369,143984.02,131189.1,-9.75,141978.48,92.4,Summer
ORD00338,28-03-2025,Mar,Q1,2025,South,Germany,Retail,Furniture,Dining Table,Neha,80,8682,694560,450498.33,244061.67,167792,753837.88,694560,-8.53,799568.76,86.87,Spring
ORD00339,15-01-2024,Jan,Q1,2024,East,India,Corporate,Grocery,Organic Oil,Amit,170,2235,415095.37,265976.62,149118.75,142171,435879.62,415095.37,-5.01,469346.23,88.44,Winter
ORD00340,24-05-2024,May,Q2,2024,North,Germany,SMB,Electronics,T-Shirt Premium,Rahul,31,33613,1094103.15,668078.04,426025.11,176640,1191516.95,1094103.15,-8.9,1140389.88,95.94,Spring
ORD00341,09-11-2025,Nov,Q4,2025,East,India,Retail,Clothing,Bookshelf,Arjun,119,6313,785053.11,612949.38,172103.73,132051,842640.33,785053.11,-7.34,947825.12,82.83,Fall
ORD00342,27-05-2025,May,Q2,2025,West,India,Retail,Furniture,Bluetooth Speaker,Vikram,171,17890,3365109,2031430.31,1333678.69,184388,3265443.28,3365109,2.96,4087675.52,82.32,Spring
ORD00343,28-05-2025,May,Q2,2025,East,India,SMB,Clothing,Rice Pack,Amit,484,1742,800971.6,624305.35,176666.25,177210,742862.82,800971.6,7.25,945076.21,84.75,Spring
ORD00344,25-11-2025,Nov,Q4,2025,South,Germany,Retail,Furniture,Rice Pack,Vikram,466,19718,10107446.8,6482425.71,3625021.09,41327,10271249.5,10107446.8,-1.62,12453475.4,81.16,Fall
ORD00345,21-05-2024,May,Q2,2024,East,USA,Corporate,Furniture,Bookshelf,Anjali,470,15403,6877439.5,5431253.67,1446185.83,36034,6442971.31,6877439.5,6.32,8749245.05,78.61,Spring
ORD00346,31-01-2024,Jan,Q1,2024,East,Germany,Corporate,Clothing,Organic Oil,Vikram,78,1577,134384.05,81334.55,53049.5,165427,137527.2,134384.05,-2.34,153501.16,87.55,Winter
ORD00347,02-09-2025,Sep,Q3,2025,South,USA,SMB,Electronics,Jeans Classic,Priya,353,46234,17952662.2,13328125.1,4624537.1,103031,16817969.49,17952662.2,6.32,20259723.7,88.61,Fall
ORD00348,16-06-2024,Jun,Q2,2024,South,USA,Retail,Grocery,Laptop Pro,Vikram,487,2161,1052407,790942.08,261464.92,22337,984437.97,1052407,6.46,1299092.07,81.01,Summer
ORD00349,23-09-2025,Sep,Q3,2025,West,UK,Corporate,Furniture,Rice Pack,Arjun,398,24920,12000973.6,8929206.59,3071767.01,108324,12268607.01,12000973.6,-2.23,14029085.82,85.54,Fall
ORD00350,21-06-2025,Jun,Q2,2025,North,India,Corporate,Grocery,Laptop Pro,Sneha,266,3673,1025868.9,721417,304451.9,170320,1120780.71,1025868.9,-9.25,1128188.33,90.93,Summer
ORD00351,07-11-2024,Nov,Q4,2024,East,Germany,Retail,Grocery,T-Shirt Premium,Anjali,471,1665,819504.68,567683.83,251820.85,174371,811587.95,819504.68,0.97,1030306.36,79.54,Fall
ORD00352,22-08-2025,Aug,Q3,2025,South,Germany,Corporate,Clothing,Organic Oil,Amit,92,7845,721740,560438.1,161301.9,28640,685664.88,721740,5,799424.3,90.28,Summer
ORD00353,16-06-2024,Jun,Q2,2024,North,India,Retail,Grocery,Bookshelf,Neha,44,4691,216724.2,156564.71,60159.49,46916,211465.54,216724.2,2.43,233687.5,92.74,Summer
ORD00354,09-12-2024,Dec,Q4,2024,South,USA,Retail,Furniture,Winter Jacket,Amit,215,15142,3743859.5,2462546.45,1281313.05,52368,3457494.67,3743859.5,7.65,4234519.5,88.41,Winter
ORD00355,29-09-2025,Sep,Q3,2025,East,India,Corporate,Grocery,Organic Oil,Karan,414,4542,1965005.46,1272489.73,692515.73,159366,2027677.59,1965005.46,-3.19,2251443.11,87.28,Fall
ORD00356,07-09-2025,Sep,Q3,2025,North,USA,SMB,Clothing,Gaming Monitor,Karan,420,2014,976991.4,596954.24,380037.16,96493,886467.49,976991.4,9.27,1148055.59,85.1,Fall
ORD00357,09-09-2025,Sep,Q3,2025,East,UK,Retail,Electronics,Smartphone X,Arjun,92,25573,2458588.22,1950296.38,508291.84,156772,2389840.51,2458588.22,2.8,2508996.14,97.99,Fall
ORD00358,26-11-2024,Nov,Q4,2024,East,Germany,Retail,Grocery,Bluetooth Speaker,Priya,150,2748,430749,286810.65,143938.35,113464,432872.27,430749,-0.49,498710.61,86.37,Fall
ORD00359,21-04-2024,Apr,Q2,2024,North,Germany,SMB,Clothing,Rice Pack,Anjali,435,4804,2194227,1723392.13,470834.87,166032,2221713.79,2194227,-1.25,2466793.75,88.95,Spring
ORD00360,19-05-2025,May,Q2,2025,South,USA,SMB,Clothing,Dining Table,Amit,61,5623,343003,256392.57,86610.43,59350,363553.29,343003,-5.99,427753.76,80.19,Spring
ORD00361,07-12-2024,Dec,Q4,2024,East,USA,Retail,Furniture,Winter Jacket,Vikram,131,15085,2158927.49,1532835.75,626091.74,6607,1992187.8,2158927.49,7.72,2445276.14,88.29,Winter
ORD00362,05-08-2025,Aug,Q3,2025,North,USA,Retail,Clothing,Jeans Classic,Pooja,470,791,390358.5,271806.27,118552.23,169416,387283.88,390358.5,0.79,444210.28,87.88,Summer
ORD00363,18-04-2025,Apr,Q2,2025,West,India,SMB,Clothing,Gaming Monitor,Neha,285,5230,1639605,1245947.43,393657.57,97692,1497357.15,1639605,8.68,1686376.57,97.23,Spring
ORD00364,13-12-2024,Dec,Q4,2024,West,USA,SMB,Grocery,Office Chair,Anjali,60,3076,233468.4,173226.08,60242.32,76171,229446.65,233468.4,1.72,278096.91,83.95,Winter
ORD00365,07-04-2025,Apr,Q2,2025,East,USA,SMB,Clothing,Office Chair,Priya,192,2155,393072,270730.23,122341.77,11536,416579.69,393072,-5.98,504094.3,77.98,Spring
ORD00366,14-12-2024,Dec,Q4,2024,West,UK,Corporate,Furniture,Smartphone X,Karan,347,11723,5145869.46,3560291.65,1585577.81,192086,5521322.6,5145869.46,-7.3,5706010.25,90.18,Winter
ORD00367,15-02-2024,Feb,Q1,2024,North,UK,Corporate,Electronics,Smartphone X,Karan,393,35478,16835996.21,12252735.83,4583260.38,60009,16232864.73,16835996.21,3.58,19003944.26,88.59,Winter
ORD00368,22-11-2024,Nov,Q4,2024,West,India,Corporate,Furniture,Office Chair,Vikram,59,25412,1814162.68,1125642.7,688519.98,147220,1759853.23,1814162.68,2.99,2134975.22,84.97,Fall
ORD00369,22-12-2025,Dec,Q4,2025,East,USA,Retail,Electronics,T-Shirt Premium,Anjali,457,37199,18572437.73,11626620.9,6945816.83,128400,20070462.36,18572437.73,-8.07,20144241.95,92.2,Winter
ORD00370,29-03-2024,Mar,Q1,2024,West,Germany,Retail,Grocery,Gaming Monitor,Neha,160,4870,857120,527736.6,329383.4,127079,868740.71,857120,-1.36,878492.86,97.57,Spring
ORD00371,16-12-2025,Dec,Q4,2025,West,India,Corporate,Clothing,Bookshelf,Pooja,241,1677,511258.61,400096.84,111161.77,107780,478880.92,511258.61,6.33,638534.01,80.07,Winter
ORD00372,28-11-2024,Nov,Q4,2024,West,Germany,Retail,Electronics,Organic Oil,Priya,180,46368,10098950.4,6629470.87,3469479.53,96387,10309897.74,10098950.4,-2.09,11601670.93,87.05,Fall
ORD00373,19-04-2024,Apr,Q2,2024,East,India,Corporate,Grocery,Rice Pack,Anjali,212,4988,1004583.2,634699.74,369883.46,131451,981239.99,1004583.2,2.32,1069289.78,93.95,Spring
ORD00374,28-08-2025,Aug,Q3,2025,West,Germany,SMB,Clothing,Bluetooth Speaker,Sneha,89,6331,619804.9,386054.51,233750.39,161257,615206.99,619804.9,0.74,681016.83,91.01,Summer
ORD00375,29-06-2024,Jun,Q2,2024,East,Germany,Retail,Electronics,Bookshelf,Anjali,395,39832,14946958,9238813.4,5708144.6,41416,16104634.38,14946958,-7.75,17771921.54,84.1,Summer
ORD00376,01-01-2024,Jan,Q1,2024,South,USA,Corporate,Clothing,Rice Pack,Anjali,296,2184,743433.6,490626.82,252806.78,183142,714372.8,743433.6,3.91,916856.89,81.09,Winter
ORD00377,18-12-2024,Dec,Q4,2024,North,India,SMB,Grocery,Office Chair,Vikram,32,935,36128.4,21683.13,14445.27,151808,38446.06,36128.4,-6.42,38300.78,94.33,Winter
ORD00378,01-02-2024,Feb,Q1,2024,South,Germany,SMB,Grocery,Bookshelf,Neha,365,4065,1706283.75,1209795.72,496488.03,178667,1594832.74,1706283.75,6.53,1828320.47,93.33,Winter
ORD00379,03-01-2025,Jan,Q1,2025,West,USA,Corporate,Furniture,Office Chair,Amit,37,9718,454850.99,332762.32,122088.67,40592,417067.74,454850.99,8.31,538413.77,84.48,Winter
ORD00380,11-04-2025,Apr,Q2,2025,West,USA,Corporate,Grocery,Bluetooth Speaker,Pooja,197,3979,862249.3,621608.15,240641.15,156503,861931.47,862249.3,0.04,988514.63,87.23,Spring
ORD00381,02-10-2024,Oct,Q4,2024,West,UK,Retail,Electronics,Gaming Monitor,Pooja,361,39155,17103295.55,13551754.32,3551541.23,25988,15878998.83,17103295.55,7.16,18846757.63,90.75,Fall
ORD00382,13-10-2024,Oct,Q4,2024,West,India,SMB,Electronics,Dining Table,Pooja,323,20117,7862327.11,5972378.15,1889948.96,86919,8040077.21,7862327.11,-2.26,9493371.76,82.82,Fall
ORD00383,12-01-2024,Jan,Q1,2024,West,Germany,SMB,Grocery,Gaming Monitor,Neha,216,2869,783925.56,496618.12,287307.44,187203,850224.42,783925.56,-8.46,899183.45,87.18,Winter
ORD00384,31-07-2025,Jul,Q3,2025,East,India,SMB,Grocery,Gaming Monitor,Rahul,294,723,201933.9,132743.9,69190,26629,186862.42,201933.9,7.46,206994.76,97.56,Summer
ORD00385,15-09-2024,Sep,Q3,2024,South,UK,Corporate,Clothing,Laptop Pro,Priya,310,5347,1823327,1334367.46,488959.54,101932,1935585.85,1823327,-6.16,1949034.41,93.55,Fall
ORD00386,11-05-2025,May,Q2,2025,South,India,Corporate,Electronics,Office Chair,Anjali,479,25102,12023858,9066873.38,2956984.62,67376,12410226.13,12023858,-3.21,14991535.01,80.2,Spring
ORD00387,14-08-2025,Aug,Q3,2025,East,India,SMB,Clothing,Smartphone X,Amit,86,4401,359561.7,249986.44,109575.26,144597,340408.66,359561.7,5.33,429967.54,83.63,Summer
ORD00388,25-09-2024,Sep,Q3,2024,South,Germany,Retail,Clothing,Organic Oil,Arjun,348,6094,2332783.2,1445095.89,887687.31,144275,2396899.35,2332783.2,-2.75,2883557.29,80.9,Fall
ORD00389,29-10-2025,Oct,Q4,2025,East,UK,Corporate,Clothing,Smartphone X,Vikram,336,6833,2399202.96,1791875.18,607327.78,159330,2528998.54,2399202.96,-5.41,2678808.42,89.56,Fall
ORD00390,03-07-2024,Jul,Q3,2024,East,India,SMB,Electronics,Smartphone X,Amit,211,21402,4290030.9,2875621.8,1414409.1,195120,4104098.4,4290030.9,4.33,5046228.94,85.01,Summer
ORD00391,04-04-2024,Apr,Q2,2024,North,USA,SMB,Electronics,Winter Jacket,Priya,45,23513,1110989.25,865683.19,245306.06,187361,1040833.17,1110989.25,6.31,1201068.54,92.5,Spring
ORD00392,18-03-2024,Mar,Q1,2024,West,UK,Corporate,Clothing,T-Shirt Premium,Rahul,400,6866,3021040,2043914.22,977125.78,92203,3320702.13,3021040,-9.92,3174706.58,95.16,Spring
ORD00393,01-07-2024,Jul,Q3,2024,West,India,Corporate,Furniture,Gaming Monitor,Arjun,92,8553,865563.6,652411.18,213152.42,62248,885292.61,865563.6,-2.28,938863.31,92.19,Summer
ORD00394,22-09-2024,Sep,Q3,2024,North,India,Retail,Electronics,Gaming Monitor,Vikram,398,44221,20327951.49,12801951.39,7526000.1,172860,18298683.82,20327951.49,9.98,21979077.2,92.49,Fall
ORD00395,04-06-2024,Jun,Q2,2024,East,Germany,SMB,Electronics,Bluetooth Speaker,Pooja,245,43577,10142546.75,7181184.2,2961362.55,5867,9908099.5,10142546.75,2.31,11441064.06,88.65,Summer
ORD00396,04-05-2024,May,Q2,2024,East,UK,SMB,Clothing,Rice Pack,Amit,324,4879,1501756.2,925219.02,576537.18,125491,1579983.61,1501756.2,-5.21,1741956.51,86.21,Spring
ORD00397,21-07-2025,Jul,Q3,2025,North,Germany,SMB,Furniture,T-Shirt Premium,Arjun,459,25664,12368764.8,8624748.46,3744016.34,170882,12215351.92,12368764.8,1.24,14511673.95,85.23,Summer
ORD00398,26-01-2024,Jan,Q1,2024,South,Germany,Corporate,Electronics,Bluetooth Speaker,Vikram,256,49992,14717644.8,11675725.85,3041918.95,9303,13354916.52,14717644.8,9.26,15026440.33,97.94,Winter
ORD00399,13-02-2024,Feb,Q1,2024,West,India,Retail,Grocery,Bookshelf,Karan,77,1659,161594.89,112757.51,48837.38,9997,160664.74,161594.89,0.58,211344.19,76.46,Winter
ORD00400,19-12-2025,Dec,Q4,2025,South,India,Retail,Electronics,T-Shirt Premium,Priya,234,26186,7046652.6,5380542.31,1666110.29,32874,6502904.25,7046652.6,7.72,8032286.97,87.73,Winter
ORD00401,05-03-2024,Mar,Q1,2024,South,Germany,Corporate,Grocery,Jeans Classic,Priya,500,2246,1123000,845445.58,277554.42,160473,1049656.34,1123000,6.53,1241929.19,90.42,Spring
ORD00402,01-03-2025,Mar,Q1,2025,South,UK,SMB,Furniture,Organic Oil,Sneha,474,9370,4441380,3355606.17,1085773.83,9097,4778593.5,4441380,-7.59,5144439.17,86.33,Spring
ORD00403,01-04-2024,Apr,Q2,2024,East,Germany,SMB,Grocery,Winter Jacket,Rahul,106,4785,481849.5,332516.55,149332.95,67718,524068.15,481849.5,-8.76,603236.31,79.88,Spring
ORD00404,03-07-2024,Jul,Q3,2024,West,India,SMB,Clothing,Jeans Classic,Arjun,3,1462,4824.6,3837.29,987.31,167246,4691.35,4824.6,2.76,5702.18,84.61,Summer
ORD00405,12-08-2024,Aug,Q3,2024,West,USA,Corporate,Electronics,Dining Table,Priya,408,24779,11120815.2,7779043.23,3341771.97,46880,11499240.16,11120815.2,-3.4,11573807.84,96.09,Summer
ORD00406,18-10-2024,Oct,Q4,2024,South,Germany,Corporate,Clothing,Gaming Monitor,Pooja,23,929,23503.7,14929.02,8574.68,12619,23433.48,23503.7,0.3,23855.24,98.53,Fall
ORD00407,31-03-2025,Mar,Q1,2025,East,Germany,Retail,Clothing,Dining Table,Priya,167,2442,387423.3,299856.82,87566.48,103443,417748.1,387423.3,-7.83,408892.08,94.75,Spring
ORD00408,25-02-2024,Feb,Q1,2024,West,USA,Retail,Grocery,Office Chair,Arjun,192,2090,507619.2,368736.73,138882.47,75698,477386.51,507619.2,5.96,531787.96,95.46,Winter
ORD00409,02-03-2024,Mar,Q1,2024,East,USA,Retail,Grocery,Organic Oil,Arjun,88,2917,243861.2,175757.4,68103.8,172247,265943.33,243861.2,-9.06,292605.37,83.34,Spring
ORD00410,20-07-2025,Jul,Q3,2025,South,India,Corporate,Grocery,Dining Table,Anjali,243,4007,973701,727584.22,246116.78,69658,924593.64,973701,5.04,1151529.65,84.56,Summer
ORD00411,28-08-2025,Aug,Q3,2025,South,India,Corporate,Electronics,Laptop Pro,Pooja,376,48044,18064544,12263369.16,5801174.84,187623,19225340.24,18064544,-6.43,21361406.39,84.57,Summer
ORD00412,25-07-2025,Jul,Q3,2025,North,Germany,Retail,Furniture,Jeans Classic,Vikram,123,5521,713037.15,450896.58,262140.57,125398,764079.5,713037.15,-7.16,912964.79,78.1,Summer
ORD00413,10-04-2025,Apr,Q2,2025,West,USA,SMB,Grocery,Office Chair,Neha,321,511,180434.1,139308.93,41125.17,23533,176279.76,180434.1,2.3,211338.33,85.38,Spring
ORD00414,30-10-2024,Oct,Q4,2024,West,UK,SMB,Furniture,Bookshelf,Priya,318,29109,11200561.02,8837964.48,2362596.54,181856,10895884.53,11200561.02,2.72,12151903.44,92.17,Fall
ORD00415,21-04-2025,Apr,Q2,2025,North,UK,Corporate,Furniture,Bookshelf,Karan,361,23374,8859914.7,5561201.55,3298713.15,92799,8396776.31,8859914.7,5.23,9566782.9,92.61,Spring
ORD00416,17-08-2025,Aug,Q3,2025,South,USA,Corporate,Clothing,T-Shirt Premium,Karan,349,946,330154,222709.59,107444.41,123596,329244.55,330154,0.28,402457.23,82.03,Summer
ORD00417,27-12-2025,Dec,Q4,2025,East,Germany,SMB,Clothing,Bookshelf,Priya,97,1156,122504.21,95502.96,27001.25,80595,133731.88,122504.21,-9.17,138185.09,88.65,Winter
ORD00418,24-04-2024,Apr,Q2,2024,South,Germany,Retail,Furniture,Bluetooth Speaker,Amit,151,27360,4131360,2870390.36,1260969.64,115134,4084973.13,4131360,1.12,4988815.84,82.81,Spring
ORD00419,05-03-2024,Mar,Q1,2024,North,USA,SMB,Clothing,Rice Pack,Anjali,176,5360,990528,761103.46,229424.54,121721,982208.97,990528,0.84,1078300.58,91.86,Spring
ORD00420,09-11-2024,Nov,Q4,2024,South,UK,Retail,Grocery,Jeans Classic,Vikram,395,2829,1229200.5,849605.33,379595.17,48611,1258364.57,1229200.5,-2.37,1325797.34,92.71,Fall
ORD00421,05-07-2024,Jul,Q3,2024,South,USA,Retail,Furniture,Smartphone X,Amit,163,19447,3169861,2018882.3,1150978.7,152452,3301178.44,3169861,-4.14,3461924.19,91.56,Summer
ORD00422,31-05-2024,May,Q2,2024,East,Germany,SMB,Furniture,Bluetooth Speaker,Vikram,63,18256,1092621.6,862687.92,229933.68,88943,1017460.87,1092621.6,6.88,1329638.87,82.17,Spring
ORD00423,03-06-2025,Jun,Q2,2025,East,UK,Corporate,Clothing,Gaming Monitor,Rahul,410,6145,2393477.5,1786319.53,607157.97,15506,2220871.05,2393477.5,7.21,2842345.74,84.21,Summer
ORD00424,15-02-2025,Feb,Q1,2025,South,Germany,Corporate,Electronics,Jeans Classic,Amit,312,27789,9970693.2,7540403.25,2430289.95,77856,9363908.07,9970693.2,6.09,10133658.09,98.39,Winter
ORD00425,24-11-2025,Nov,Q4,2025,North,Germany,Retail,Grocery,Jeans Classic,Anjali,310,3457,1237778.85,841085.09,396693.76,192685,1325365.09,1237778.85,-7.08,1415059.87,87.47,Fall
ORD00426,18-10-2024,Oct,Q4,2024,East,UK,Corporate,Grocery,Bluetooth Speaker,Priya,111,4124,478363.38,314632.42,163730.96,195841,523364.04,478363.38,-9.41,509617.45,93.87,Fall
ORD00427,22-05-2024,May,Q2,2024,North,USA,Retail,Clothing,Organic Oil,Karan,172,6694,1208936.4,746747.51,462188.89,112337,1242497.93,1208936.4,-2.78,1405021.72,86.04,Spring
ORD00428,18-04-2025,Apr,Q2,2025,South,USA,Retail,Grocery,T-Shirt Premium,Karan,252,2973,749196,574571.18,174624.82,84669,748312.02,749196,0.12,927410.06,80.78,Spring
ORD00429,03-01-2024,Jan,Q1,2024,South,UK,Corporate,Grocery,Smartphone X,Vikram,214,2504,616234.4,373246.1,242988.3,77670,615377.86,616234.4,0.14,743967.39,82.83,Winter
ORD00430,05-01-2025,Jan,Q1,2025,West,Germany,Corporate,Grocery,Winter Jacket,Priya,192,643,156171.84,120104.89,36066.95,47689,158722.27,156171.84,-1.63,169979.57,91.88,Winter
ORD00431,10-12-2025,Dec,Q4,2025,South,UK,Retail,Electronics,T-Shirt Premium,Neha,215,38329,9476845.25,6689917.97,2786927.28,25139,9503127.37,9476845.25,-0.28,11855623.54,79.94,Winter
ORD00432,06-04-2024,Apr,Q2,2024,South,UK,Corporate,Clothing,T-Shirt Premium,Neha,50,1677,83850,52606.64,31243.36,78771,81720.45,83850,2.54,98078.75,85.49,Spring
ORD00433,15-06-2024,Jun,Q2,2024,North,USA,Retail,Furniture,Dining Table,Karan,315,32724,10823463,7397504.16,3425958.84,25027,9993445.5,10823463,7.67,12618596.7,85.77,Summer
ORD00434,22-12-2024,Dec,Q4,2024,East,UK,Retail,Grocery,Gaming Monitor,Karan,391,2995,1279366.66,774978.79,504387.87,36089,1208325.44,1279366.66,5.55,1632487.14,78.37,Winter
ORD00435,20-08-2024,Aug,Q3,2024,East,USA,Retail,Furniture,Smartphone X,Arjun,354,7547,2538056.1,1907264.91,630791.19,16145,2383920.46,2538056.1,6.07,2631061.24,96.47,Summer
ORD00436,30-08-2025,Aug,Q3,2025,North,Germany,Retail,Clothing,Laptop Pro,Priya,155,1290,209947.5,164602.96,45344.54,58844,213625.91,209947.5,-1.75,223253.27,94.04,Summer
ORD00437,30-01-2024,Jan,Q1,2024,North,USA,SMB,Clothing,Gaming Monitor,Neha,181,4601,1005583.06,704895.47,300687.59,22914,924956.55,1005583.06,8.02,1257715.28,79.95,Winter
ORD00438,10-08-2024,Aug,Q3,2024,South,UK,Retail,Electronics,Winter Jacket,Priya,474,29025,13757850,9263058.67,4494791.33,159502,12891451.54,13757850,6.3,17187941.71,80.04,Summer
ORD00439,29-12-2024,Dec,Q4,2024,West,Germany,Retail,Furniture,Rice Pack,Priya,390,9050,4464817.5,3142988.26,1321829.24,134975,4699018.32,4464817.5,-5.25,5219422.22,85.54,Winter
ORD00440,11-02-2024,Feb,Q1,2024,North,UK,Corporate,Electronics,Rice Pack,Vikram,234,35447,10015727.08,6461893.57,3553833.51,111766,9596247.05,10015727.08,4.19,12681657.18,78.98,Winter
ORD00441,12-03-2024,Mar,Q1,2024,West,UK,Retail,Electronics,Bookshelf,Pooja,345,21892,8308014,6079054.04,2228959.96,27283,7675305.3,8308014,7.62,9076246.7,91.54,Spring
ORD00442,14-04-2024,Apr,Q2,2024,South,India,Corporate,Furniture,Jeans Classic,Sneha,305,9022,2751710,2050134.29,701575.71,78011,2897449.92,2751710,-5.3,3227929.87,85.25,Spring
ORD00443,21-10-2025,Oct,Q4,2025,West,UK,Corporate,Grocery,Organic Oil,Karan,143,1385,239646.55,149644.42,90002.13,133277,239515.88,239646.55,0.05,296064.24,80.94,Fall
ORD00444,11-04-2024,Apr,Q2,2024,North,India,Corporate,Electronics,Office Chair,Arjun,310,36427,11856988.5,8916861.91,2940126.59,178298,12453655.27,11856988.5,-5.03,13504517.54,87.8,Spring
ORD00445,25-07-2024,Jul,Q3,2024,East,Germany,Corporate,Clothing,Bluetooth Speaker,Neha,415,758,298841.5,231908.52,66932.98,36230,291886.26,298841.5,2.33,338530.14,88.28,Summer
ORD00446,15-04-2025,Apr,Q2,2025,North,India,Retail,Clothing,Winter Jacket,Rahul,252,3059,809411.4,564557.15,244854.25,33673,820557.84,809411.4,-1.38,916716.12,88.29,Spring
ORD00447,06-07-2025,Jul,Q3,2025,West,Germany,SMB,Furniture,Bluetooth Speaker,Amit,201,21210,4689531,3392350.15,1297180.85,97474,4939455.58,4689531,-5.33,5561923.32,84.31,Summer
ORD00448,27-08-2025,Aug,Q3,2025,North,USA,Corporate,Clothing,Winter Jacket,Anjali,14,1297,19065.9,12755.63,6310.27,98681,18730.07,19065.9,1.76,21161.77,90.1,Summer
ORD00449,28-08-2024,Aug,Q3,2024,East,India,SMB,Electronics,T-Shirt Premium,Priya,173,26126,4293808.1,2608383.33,1685424.77,177429,4605855.04,4293808.1,-7.27,4672734.63,91.89,Summer
ORD00450,30-09-2024,Sep,Q3,2024,North,Germany,SMB,Electronics,Jeans Classic,Arjun,293,40578,13732203.87,10459343.37,3272860.5,31229,14256400.44,13732203.87,-3.82,15007400.74,91.5,Fall
ORD00451,14-11-2025,Nov,Q4,2025,East,USA,SMB,Clothing,Jeans Classic,Arjun,104,7441,808687.88,621133.83,187554.05,145465,762443.89,808687.88,5.72,920392.79,87.86,Fall
ORD00452,10-08-2025,Aug,Q3,2025,West,USA,SMB,Electronics,Winter Jacket,Anjali,49,37075,1998342.5,1388955.3,609387.2,59981,1937319.71,1998342.5,3.05,2036357.81,98.13,Summer
ORD00453,31-05-2025,May,Q2,2025,East,Germany,SMB,Clothing,Dining Table,Arjun,206,4721,923899.7,678430.68,245469.02,148540,864881.14,923899.7,6.39,949317.58,97.32,Spring
ORD00454,10-07-2024,Jul,Q3,2024,West,USA,SMB,Grocery,T-Shirt Premium,Karan,415,990,451935,318367.38,133567.62,100492,448544.28,451935,0.75,478238.59,94.5,Summer
ORD00455,03-11-2024,Nov,Q4,2024,West,Germany,Corporate,Electronics,Bookshelf,Sneha,434,42029,22071109.06,16094441.01,5976668.05,72225,22895928.05,22071109.06,-3.74,25240346.37,87.44,Fall
ORD00456,02-06-2024,Jun,Q2,2024,South,India,Retail,Clothing,Organic Oil,Pooja,287,5799,1664313,1065822.89,598490.11,76489,1543294.35,1664313,7.27,1751394.05,95.03,Summer
ORD00457,05-11-2025,Nov,Q4,2025,South,India,SMB,Grocery,Laptop Pro,Amit,441,2941,1426679.1,1103442.63,323236.47,111694,1539892.72,1426679.1,-7.94,1580453.38,90.27,Fall
ORD00458,10-02-2025,Feb,Q1,2025,South,USA,Retail,Electronics,Bluetooth Speaker,Anjali,487,49423,27679351.15,17925573.27,9753777.88,37054,29191700.43,27679351.15,-5.46,29257429.97,94.61,Winter
ORD00459,03-02-2025,Feb,Q1,2025,South,Germany,Retail,Furniture,Smartphone X,Rahul,110,19400,2454100,1895988.55,558111.45,19660,2449367.8,2454100,0.19,2575104.78,95.3,Winter
ORD00460,20-11-2024,Nov,Q4,2024,West,Germany,SMB,Furniture,T-Shirt Premium,Rahul,186,28451,6403182.06,3868897.64,2534284.42,163810,5807442.08,6403182.06,9.3,7256226.59,88.24,Fall
ORD00461,25-02-2024,Feb,Q1,2024,South,UK,SMB,Grocery,T-Shirt Premium,Neha,463,2436,1297048.2,1000710.86,296337.34,106835,1169383.92,1297048.2,9.84,1489523.57,87.08,Winter
ORD00462,18-09-2024,Sep,Q3,2024,East,India,Retail,Clothing,Dining Table,Rahul,469,3098,1518345.29,1150698.45,367646.84,76837,1629623.17,1518345.29,-7.33,1706293.55,88.98,Fall
ORD00463,27-04-2025,Apr,Q2,2025,West,UK,SMB,Grocery,Smartphone X,Rahul,358,3382,1331831.6,911204.69,420626.91,196163,1415318.28,1331831.6,-6.27,1589717.61,83.78,Spring
ORD00464,29-01-2024,Jan,Q1,2024,North,USA,SMB,Grocery,Bookshelf,Rahul,2,3003,7252.24,4806.38,2445.86,26556,6687.77,7252.24,7.78,7723.21,93.9,Winter
ORD00465,26-10-2025,Oct,Q4,2025,South,Germany,Corporate,Grocery,Organic Oil,Rahul,134,3183,469174.2,356528.16,112646.04,57078,430176.34,469174.2,8.31,534469.37,87.78,Fall
ORD00466,21-01-2025,Jan,Q1,2025,South,India,Retail,Furniture,Smartphone X,Pooja,102,27978,3281819.4,2001767.38,1280052.02,167006,3235154.14,3281819.4,1.42,3859837.91,85.02,Winter
ORD00467,11-01-2025,Jan,Q1,2025,South,India,Retail,Grocery,Organic Oil,Pooja,61,2060,144509,114048.02,30460.98,74783,138380.72,144509,4.24,175072.36,82.54,Winter
ORD00468,30-07-2024,Jul,Q3,2024,South,UK,SMB,Furniture,Rice Pack,Rahul,210,5942,1247820,807460.73,440359.27,123220,1349474.46,1247820,-8.15,1360074.95,91.75,Summer
ORD00469,14-04-2025,Apr,Q2,2025,North,India,Corporate,Furniture,Jeans Classic,Arjun,352,28374,10487030.4,7836127.47,2650902.93,72168,9591554.66,10487030.4,8.54,12992331.69,80.72,Spring
ORD00470,28-08-2024,Aug,Q3,2024,West,UK,SMB,Electronics,Laptop Pro,Vikram,259,39965,11386028.5,7132750.81,4253277.69,151685,10341075.71,11386028.5,9.18,13047075.05,87.27,Summer
ORD00471,19-05-2025,May,Q2,2025,East,Germany,Retail,Electronics,Jeans Classic,Karan,222,24292,5123182.8,3119159.85,2004022.95,38520,5122373.97,5123182.8,0.02,6500691.89,78.81,Spring
ORD00472,04-01-2025,Jan,Q1,2025,West,UK,Corporate,Clothing,Bluetooth Speaker,Neha,224,6536,1852040.96,1394096.21,457944.75,44653,1872663.33,1852040.96,-1.11,2208100.84,83.87,Winter
ORD00473,26-03-2025,Mar,Q1,2025,North,USA,Retail,Electronics,Dining Table,Rahul,19,45818,914069.1,628226.87,285842.23,134737,830119.48,914069.1,9.18,990596.84,92.27,Spring
ORD00474,11-05-2025,May,Q2,2025,West,Germany,Retail,Furniture,Smartphone X,Neha,48,33448,1766054.4,1354547.36,411507.04,138362,1879990.25,1766054.4,-6.45,1989192.35,88.78,Spring
ORD00475,05-08-2024,Aug,Q3,2024,North,USA,Corporate,Electronics,Dining Table,Pooja,347,21180,7716933,5068915.67,2648017.33,183425,7133518.89,7716933,7.56,8118846.75,95.05,Summer
ORD00476,18-04-2024,Apr,Q2,2024,East,USA,Retail,Electronics,Organic Oil,Pooja,233,32650,7227077.5,4812405.28,2414672.22,16494,7452812.02,7227077.5,-3.12,9077500.64,79.62,Spring
ORD00477,05-08-2025,Aug,Q3,2025,South,USA,Retail,Clothing,Jeans Classic,Amit,381,5433,2069973,1280299.42,789673.58,71889,1936671.21,2069973,6.44,2400080.62,86.25,Summer
ORD00478,01-04-2024,Apr,Q2,2024,North,USA,Retail,Grocery,Rice Pack,Vikram,332,4521,1576020.6,1198122.51,377898.09,197908,1672584.39,1576020.6,-6.13,1701714.65,92.61,Spring
ORD00479,14-05-2024,May,Q2,2024,East,India,Corporate,Furniture,Organic Oil,Pooja,454,20611,8889524.3,5494121.33,3395402.97,115765,9442442.68,8889524.3,-6.22,10448381.27,85.08,Spring
ORD00480,12-03-2025,Mar,Q1,2025,North,India,SMB,Clothing,Organic Oil,Sneha,332,4819,1679903.4,1036154.37,643749.03,127740,1658856.06,1679903.4,1.25,2047446.21,82.05,Spring
ORD00481,01-06-2024,Jun,Q2,2024,South,UK,Retail,Grocery,T-Shirt Premium,Anjali,25,1381,34525,24241.05,10283.95,113270,31724.91,34525,8.11,40029.03,86.25,Summer
ORD00482,16-09-2024,Sep,Q3,2024,East,UK,SMB,Electronics,Bluetooth Speaker,Amit,59,45335,2795129.43,2148286.07,646843.36,16864,2562178.07,2795129.43,8.33,3488702.62,80.12,Fall
ORD00483,24-08-2025,Aug,Q3,2025,West,Germany,SMB,Clothing,Jeans Classic,Rahul,109,6619,793618.1,614516.87,179101.23,32873,783110.43,793618.1,1.32,854680.38,92.86,Summer
ORD00484,14-01-2024,Jan,Q1,2024,South,Germany,Corporate,Grocery,Bookshelf,Anjali,372,3455,1478049,1090995.94,387053.06,185956,1529810.95,1478049,-3.5,1888605.53,78.26,Winter
ORD00485,18-05-2024,May,Q2,2024,North,USA,Retail,Electronics,Winter Jacket,Sneha,440,16757,7741734,5651062.98,2090671.02,119239,8271407.51,7741734,-6.84,9281771.7,83.41,Spring
ORD00486,29-03-2024,Mar,Q1,2024,East,Germany,Retail,Grocery,Rice Pack,Amit,60,4147,236379,187394.98,48984.02,128598,213669.02,236379,9.61,279298.89,84.63,Spring
ORD00487,28-10-2024,Oct,Q4,2024,West,India,Corporate,Electronics,Smartphone X,Arjun,213,47486,12238566.78,7433747.6,4804819.18,109773,12204545.92,12238566.78,0.28,13950867.58,87.73,Fall
ORD00488,25-11-2025,Nov,Q4,2025,West,USA,SMB,Electronics,Bluetooth Speaker,Amit,217,35699,9373486.43,7297966.31,2075520.12,114350,10103007.25,9373486.43,-7.78,9906372.69,94.62,Fall
ORD00489,23-10-2025,Oct,Q4,2025,East,Germany,SMB,Grocery,Laptop Pro,Rahul,148,4089,632404.74,408799.47,223605.27,62593,643491.9,632404.74,-1.75,698300.42,90.56,Fall
ORD00490,03-11-2025,Nov,Q4,2025,West,USA,Corporate,Grocery,Rice Pack,Neha,408,1827,901953.36,653346.58,248606.78,79044,936353.42,901953.36,-3.81,968938.21,93.09,Fall
ORD00491,26-06-2024,Jun,Q2,2024,South,USA,SMB,Grocery,Smartphone X,Arjun,483,2215,1069845,761051.47,308793.53,9752,1039629.74,1069845,2.82,1147608.08,93.22,Summer
ORD00492,27-06-2024,Jun,Q2,2024,North,India,Corporate,Grocery,Smartphone X,Anjali,117,4484,550859.4,358920.39,191939.01,94213,582245.8,550859.4,-5.7,629665.27,87.48,Summer
ORD00493,24-07-2025,Jul,Q3,2025,East,USA,SMB,Electronics,Winter Jacket,Amit,475,43693,19716466.25,15673248.99,4043217.26,165057,20148871.42,19716466.25,-2.19,25331152.55,77.83,Summer
ORD00494,29-07-2025,Jul,Q3,2025,North,India,Retail,Electronics,Dining Table,Neha,81,34144,2903947.2,2031828.55,872118.65,31029,2703165.81,2903947.2,6.91,3099728.44,93.68,Summer
ORD00495,05-05-2024,May,Q2,2024,South,Germany,Corporate,Electronics,Dining Table,Pooja,175,33792,5913600,3862782.01,2050817.99,192485,6215010.53,5913600,-5.1,6455185.54,91.61,Spring
ORD00496,04-06-2024,Jun,Q2,2024,West,USA,Retail,Grocery,Rice Pack,Arjun,460,3463,1752278,1382105.86,370172.14,121019,1628071.04,1752278,7.09,1770735.98,98.96,Summer
ORD00497,12-03-2024,Mar,Q1,2024,North,UK,Corporate,Grocery,Office Chair,Arjun,32,1736,58329.6,45526.38,12803.22,20154,63902.79,58329.6,-9.55,68438.44,85.23,Spring
ORD00498,16-06-2025,Jun,Q2,2025,East,Germany,Corporate,Clothing,Winter Jacket,Neha,466,7274,3220199.8,2511890.14,708309.66,165012,3490986.78,3220199.8,-8.41,3826727.25,84.15,Summer
ORD00499,29-07-2024,Jul,Q3,2024,West,UK,SMB,Grocery,Dining Table,Vikram,44,3694,178789.6,133201.78,45587.82,199000,192373.16,178789.6,-7.6,203821,87.72,Summer
ORD00500,06-08-2024,Aug,Q3,2024,North,UK,SMB,Clothing,Bookshelf,Rahul,12,7025,88515,63598.09,24916.91,68265,94396.45,88515,-6.64,99380.17,89.07,Summer